<?xml version="1.0" encoding="UTF-8" ?>
<document>
<!--The data in this file is primarily intended for consumption by Xilinx tools.
The structure and the elements are likely to change over the next few releases.
This means code written to parse this file will need to be revisited each subsequent release.-->
<application name="pa" timeStamp="Fri Aug  5 10:16:40 2016">
<section name="Project Information" visible="false">
<property name="ProjectID" value="ca65a956adec4707a280a3b4bab05622" type="ProjectID"/>
<property name="ProjectIteration" value="23" type="ProjectIteration"/>
</section>
<section name="PlanAhead Usage" visible="true">
<item name="Project Data">
<property name="SrcSetCount" value="1" type="SrcSetCount"/>
<property name="ConstraintSetCount" value="1" type="ConstraintSetCount"/>
<property name="DesignMode" value="RTL" type="DesignMode"/>
<property name="SynthesisStrategy" value="Vivado Synthesis Defaults" type="SynthesisStrategy"/>
<property name="ImplStrategy" value="Vivado Implementation Defaults" type="ImplStrategy"/>
</item>
<item name="Java Command Handlers">
<property name="AddProbesToWaveform" value="5" type="JavaHandler"/>
<property name="AddSources" value="1" type="JavaHandler"/>
<property name="ArchiveProject" value="4" type="JavaHandler"/>
<property name="AutoConnectPort" value="18" type="JavaHandler"/>
<property name="AutoConnectTarget" value="8" type="JavaHandler"/>
<property name="CloseDesign" value="1" type="JavaHandler"/>
<property name="CloseProject" value="1" type="JavaHandler"/>
<property name="CoreView" value="1" type="JavaHandler"/>
<property name="CreateBlockDesign" value="1" type="JavaHandler"/>
<property name="CustomizeCore" value="1" type="JavaHandler"/>
<property name="CustomizeRSBBlock" value="13" type="JavaHandler"/>
<property name="DebugWizardCmdHandler" value="17" type="JavaHandler"/>
<property name="DisconnectRSBPin" value="8" type="JavaHandler"/>
<property name="EditCopy" value="5" type="JavaHandler"/>
<property name="EditDelete" value="59" type="JavaHandler"/>
<property name="EditPaste" value="5" type="JavaHandler"/>
<property name="EditProperties" value="8" type="JavaHandler"/>
<property name="EditUndo" value="15" type="JavaHandler"/>
<property name="FlipToViewTaskImplementation" value="2" type="JavaHandler"/>
<property name="FlipToViewTaskSynthesis" value="6" type="JavaHandler"/>
<property name="GenerateOutputForBDFile" value="1" type="JavaHandler"/>
<property name="LaunchOpenTarget" value="1" type="JavaHandler"/>
<property name="LaunchProgramFpga" value="2" type="JavaHandler"/>
<property name="ManageCompositeTargets" value="7" type="JavaHandler"/>
<property name="MarkDebug" value="13" type="JavaHandler"/>
<property name="NewExportHardware" value="8" type="JavaHandler"/>
<property name="NewHardwareDashboard" value="5" type="JavaHandler"/>
<property name="NewLaunchHardware" value="7" type="JavaHandler"/>
<property name="OpenBlockDesign" value="13" type="JavaHandler"/>
<property name="OpenExistingReport" value="24" type="JavaHandler"/>
<property name="OpenHardwareManager" value="17" type="JavaHandler"/>
<property name="OpenProject" value="1" type="JavaHandler"/>
<property name="OpenRecentTarget" value="3" type="JavaHandler"/>
<property name="ProgramDevice" value="1" type="JavaHandler"/>
<property name="RegenerateRSBLayout" value="10" type="JavaHandler"/>
<property name="ReportClockInteraction" value="1" type="JavaHandler"/>
<property name="ReportClockNetworks" value="2" type="JavaHandler"/>
<property name="ReportTiming" value="2" type="JavaHandler"/>
<property name="ReportTimingSummary" value="2" type="JavaHandler"/>
<property name="RotateRSBBlock" value="12" type="JavaHandler"/>
<property name="RunBitgen" value="14" type="JavaHandler"/>
<property name="RunImplementation" value="9" type="JavaHandler"/>
<property name="RunSchematic" value="11" type="JavaHandler"/>
<property name="RunSynthesis" value="7" type="JavaHandler"/>
<property name="RunTrigger" value="62" type="JavaHandler"/>
<property name="RunTriggerImmediate" value="10" type="JavaHandler"/>
<property name="SaveDesign" value="9" type="JavaHandler"/>
<property name="SaveRSBDesign" value="11" type="JavaHandler"/>
<property name="ShowConnectivity" value="1" type="JavaHandler"/>
<property name="ShowHierarchy" value="1" type="JavaHandler"/>
<property name="ShowPowerEstimation" value="1" type="JavaHandler"/>
<property name="ShowView" value="26" type="JavaHandler"/>
<property name="StopTrigger" value="19" type="JavaHandler"/>
<property name="TimingConstraintsWizard" value="6" type="JavaHandler"/>
<property name="ToggleViewNavigator" value="5" type="JavaHandler"/>
<property name="UnmarkDebug" value="8" type="JavaHandler"/>
<property name="ValidateRSBDesign" value="3" type="JavaHandler"/>
<property name="ViewLayoutCmd" value="2" type="JavaHandler"/>
<property name="ViewTaskImplementation" value="7" type="JavaHandler"/>
<property name="ViewTaskProjectManager" value="2" type="JavaHandler"/>
<property name="ViewTaskRTLAnalysis" value="1" type="JavaHandler"/>
<property name="ViewTaskSynthesis" value="4" type="JavaHandler"/>
<property name="WriteCheckpoint" value="6" type="JavaHandler"/>
<property name="WriteProjectTcl" value="2" type="JavaHandler"/>
</item>
<item name="Gui Resources Info">
<property name="PAResourceAtoD.CmdMsgDialog_OK, OK" value="1" type="GuiResourceData"/>
<property name="PAResourceAtoD.CoreAndInterfacesBaseTreeTablePanel_ADD_REPOSITORY, Add Repository..." value="1" type="GuiResourceData"/>
<property name="PAResourceAtoD.CoreAndInterfacesBaseTreeTablePanel_REFRESH_ALL_REPOSITORIES, Refresh All Repositories" value="1" type="GuiResourceData"/>
<property name="PAResourceAtoD.CoreTreeTablePanel_CORE_TREE_TABLE, Example ; AXI4-Stream ; Pre-Production ; Included ; xilinx.com:hls:example:1.0, 2" value="1" type="GuiResourceData"/>
<property name="PAResourceAtoD.CoreTreeTablePanel_CORE_TREE_TABLE, Example ; AXI4-Stream ; Pre-Production ; Included ; xilinx.com:hls:example:1.0, 2, Example, 0, false" value="2" type="GuiResourceData"/>
<property name="PAResourceAtoD.CoreTreeTablePanel_CORE_TREE_TABLE, Example ; AXI4-Stream ; Pre-Production ; Included ; xilinx.com:hls:example:1.0, 2, Example, 0, false, false, false, false, false, true" value="1" type="GuiResourceData"/>
<property name="PAResourceAtoD.CoreTreeTablePanel_CORE_TREE_TABLE, User Repository ;  ;  ;  ; , 3, User Repository, 0, true" value="1" type="GuiResourceData"/>
<property name="PAResourceAtoD.CoreTreeTablePanel_CORE_TREE_TABLE, VIVADO HLS IP ;  ;  ;  ; , 1" value="1" type="GuiResourceData"/>
<property name="PAResourceAtoD.CoreTreeTablePanel_CORE_TREE_TABLE, null, -1, null, -1, false, false, false, false, true, false" value="2" type="GuiResourceData"/>
<property name="PAResourceCommand.PACommandNames_AUTO_UPDATE_HIER, Hierarchy Update" value="6" type="GuiResourceData"/>
<property name="PAResourceCommand.PACommandNames_SIMULATION_RUN, Run Simulation" value="1" type="GuiResourceData"/>
<property name="PAResourceCommand.PACommandNames_VALIDATE_RSB_DESIGN, System_validate_bd_design_rsb" value="1" type="GuiResourceData"/>
<property name="PAResourceEtoH.FileSetPanel_FILE_SET_PANEL_TREE, [root, Design Sources, design_1_wrapper - STRUCTURE (design_1_wrapper.vhd" value="19" type="GuiResourceData"/>
<property name="PAResourceEtoH.FileSetPanel_FILE_SET_PANEL_TREE, [root, Simulation Sources], 4, true, false, false, false, true, false" value="1" type="GuiResourceData"/>
<property name="PAResourceEtoH.FileSetPanel_FILE_SET_PANEL_TREE, [root, Simulation Sources], 5, true, false, false, false, true, false" value="2" type="GuiResourceData"/>
<property name="PAResourceEtoH.FlowNavigatorTreePanel_FLOW_NAVIGATOR_TREE, [, Project Manager, IP Catalog], 4, false" value="1" type="GuiResourceData"/>
<property name="PAResourceEtoH.GettingStartedView_RECENT_PROJECTS, /home/brett/workspace/Vivado_WS/ethernet-fmc-network-tap/Vivado/zedboard_network_tap/zedboard_network_tap.xpr, 0" value="1" type="GuiResourceData"/>
<property name="PAResourceItoN.MainMenuMgr_FILE, File" value="2" type="GuiResourceData"/>
<property name="PAResourceItoN.MainMenuMgr_FLOW, Flow" value="2" type="GuiResourceData"/>
<property name="PAResourceItoN.MainMenuMgr_OPEN, Open Implemented Design" value="2" type="GuiResourceData"/>
<property name="PAResourceItoN.MainMenuMgr_OPEN_BLOCK_DESIGN, Open Block Design" value="1" type="GuiResourceData"/>
<property name="PAResourceItoN.MainMenuMgr_OPEN_RECENT_CHECKPOINT, Open Recent Checkpoint" value="1" type="GuiResourceData"/>
<property name="PAResourceItoN.MainMenuMgr_OPEN_RECENT_PROJECT, Open Recent Project" value="1" type="GuiResourceData"/>
<property name="PAResourceItoN.MainMenuMgr_TOOLS, Tools" value="2" type="GuiResourceData"/>
<property name="PAResourceOtoP.PlanAheadTab_SHOW_FLOW_NAVIGATOR, Flow Navigator" value="1" type="GuiResourceData"/>
<property name="PAResourceQtoS.SelectMenu_HIGHLIGHT, Highlight" value="1" type="GuiResourceData"/>
<property name="PAResourceQtoS.SimpleOutputProductDialog_GENERATE_OUTPUT_PRODUCTS_IMMEDIATELY, Generate" value="1" type="GuiResourceData"/>
<property name="PAResourceQtoS.SrcMenu_IP_HIERARCHY, IP Hierarchy" value="3" type="GuiResourceData"/>
<property name="PAResourceQtoS.SrcMenu_REFRESH_HIERARCHY, Refresh Hierarchy" value="3" type="GuiResourceData"/>
<property name="PAResourceQtoS.SystemBuilderView_ADD_IP, System_RSB_ADD_IP" value="2" type="GuiResourceData"/>
<property name="PAResourceQtoS.SystemTreeView_SYSTEM_TREE, [design_1, External Interfaces, rgmii_port_1], 7, true, false, false, false, true, false" value="1" type="GuiResourceData"/>
<property name="RDIResource.AddRepositoryInfoDialog_OK, OK" value="1" type="GuiResourceData"/>
<property name="RDIResource.BaseDialog_OK, OK" value="1" type="GuiResourceData"/>
<property name="RDIResourceCommand.RDICommands_COPY, Copy" value="1" type="GuiResourceData"/>
</item>
<item name="Other">
<property name="GuiMode" value="29" type="GuiMode"/>
<property name="BatchMode" value="0" type="BatchMode"/>
<property name="TclMode" value="13" type="TclMode"/>
</item>
</section>
</application>
</document>
