<?xml version="1.0" encoding="UTF-8"?>
<!-- Product Version: Vivado v2016.2 (64-bit)                     -->
<!--                                                              -->
<!-- Copyright 1986-2016 Xilinx, Inc. All Rights Reserved.        -->

<hwsession version="1" minor="1">
  <device name="xc7z020_1" gui_info="dashboard1=hw_ila_1[xc7z020_1/hw_ila_1/Waveform=ILA_WAVE_1;xc7z020_1/hw_ila_1/Capture Setup=ILA_CAPTURE_1;xc7z020_1/hw_ila_1/Status=ILA_STATUS_1;xc7z020_1/hw_ila_1/Trigger Setup=ILA_TRIGGER_1;xc7z020_1/hw_ila_1/Settings=ILA_SETTINGS_1;],dashboard2=hw_ila_2[xc7z020_1/hw_ila_2/Capture Setup=ILA_CAPTURE_1;xc7z020_1/hw_ila_2/Settings=ILA_SETTINGS_1;xc7z020_1/hw_ila_2/Waveform=ILA_WAVE_1;xc7z020_1/hw_ila_2/Status=ILA_STATUS_1;xc7z020_1/hw_ila_2/Trigger Setup=ILA_TRIGGER_1;],dashboard3=hw_ila_3[xc7z020_1/hw_ila_3/Trigger Setup=ILA_TRIGGER_1;xc7z020_1/hw_ila_3/Waveform=ILA_WAVE_1;xc7z020_1/hw_ila_3/Status=ILA_STATUS_1;xc7z020_1/hw_ila_3/Settings=ILA_SETTINGS_1;xc7z020_1/hw_ila_3/Capture Setup=ILA_CAPTURE_1;],dashboard4=hw_ila_4[xc7z020_1/hw_ila_4/Waveform=ILA_WAVE_1;xc7z020_1/hw_ila_4/Trigger Setup=ILA_TRIGGER_1;xc7z020_1/hw_ila_4/Settings=ILA_SETTINGS_1;xc7z020_1/hw_ila_4/Status=ILA_STATUS_1;xc7z020_1/hw_ila_4/Capture Setup=ILA_CAPTURE_1;],dashboard5=hw_ila_5[xc7z020_1/hw_ila_5/Settings=ILA_SETTINGS_1;xc7z020_1/hw_ila_5/Capture Setup=ILA_CAPTURE_1;xc7z020_1/hw_ila_5/Waveform=ILA_WAVE_1;xc7z020_1/hw_ila_5/Trigger Setup=ILA_TRIGGER_1;xc7z020_1/hw_ila_5/Status=ILA_STATUS_1;],dashboard6=hw_ila_6[xc7z020_1/hw_ila_6/Status=ILA_STATUS_1;xc7z020_1/hw_ila_6/Trigger Setup=ILA_TRIGGER_1;xc7z020_1/hw_ila_6/Waveform=ILA_WAVE_1;xc7z020_1/hw_ila_6/Capture Setup=ILA_CAPTURE_1;xc7z020_1/hw_ila_6/Settings=ILA_SETTINGS_1;]"/>
  <ObjectList object_type="hw_device" gui_info="">
    <Object name="xc7z020_1" gui_info="">
      <Properties Property="PROBES.FILE" value=""/>
      <Properties Property="PROGRAM.HW_BITSTREAM" value="$_project_name_.runs/impl_1/design_1_wrapper.bit"/>
    </Object>
  </ObjectList>
  <ObjectList object_type="hw_ila" gui_info="">
    <Object name="hw_ila_1" gui_info="">
      <Properties Property="CONTROL.TRIGGER_CONDITION" value="AND"/>
      <Properties Property="CORE_REFRESH_RATE_MS" value="500"/>
    </Object>
    <Object name="hw_ila_2" gui_info="">
      <Properties Property="CONTROL.TRIGGER_CONDITION" value="AND"/>
      <Properties Property="CORE_REFRESH_RATE_MS" value="500"/>
    </Object>
    <Object name="hw_ila_3" gui_info="">
      <Properties Property="CONTROL.TRIGGER_CONDITION" value="AND"/>
      <Properties Property="CORE_REFRESH_RATE_MS" value="500"/>
    </Object>
    <Object name="hw_ila_4" gui_info="">
      <Properties Property="CONTROL.TRIGGER_CONDITION" value="AND"/>
      <Properties Property="CORE_REFRESH_RATE_MS" value="500"/>
    </Object>
    <Object name="hw_ila_5" gui_info="">
      <Properties Property="CONTROL.TRIGGER_CONDITION" value="AND"/>
      <Properties Property="CORE_REFRESH_RATE_MS" value="500"/>
    </Object>
    <Object name="hw_ila_6" gui_info="">
      <Properties Property="CONTROL.TRIGGER_CONDITION" value="AND"/>
      <Properties Property="CORE_REFRESH_RATE_MS" value="500"/>
    </Object>
  </ObjectList>
  <probeset name="hw project" active="false"/>
</hwsession>
