<?xml version="1.0" encoding="UTF-8"?>
<!-- Product Version: Vivado v2016.2 (64-bit)                     -->
<!--                                                              -->
<!-- Copyright 1986-2016 Xilinx, Inc. All Rights Reserved.        -->

<hwsession version="1" minor="1">
  <device name="xc7z020_1" gui_info="dashboard1=dashboard_1[xc7z020_1/hw_ila_1/Waveform=ILA_WAVE_1;xc7z020_1/hw_vio_1=VIO_PROBES_1;xc7z020_1/hw_ila_1/Capture Setup=ILA_CAPTURE_1;xc7z020_1/hw_ila_1/Status=ILA_STATUS_1;xc7z020_1/hw_ila_1/Trigger Setup=ILA_TRIGGER_1;xc7z020_1/hw_ila_1/Settings=ILA_SETTINGS_1;]"/>
  <ObjectList object_type="hw_device" gui_info="">
    <Object name="xc7z020_1" gui_info="">
      <Properties Property="PROBES.FILE" value="$_project_name_.runs/impl_1/debug_nets.ltx"/>
      <Properties Property="PROGRAM.HW_BITSTREAM" value="$_project_name_.runs/impl_1/design_1_wrapper.bit"/>
    </Object>
  </ObjectList>
  <ObjectList object_type="hw_ila" gui_info="">
    <Object name="design_1_i/axis_read" gui_info="">
      <Properties Property="CONTROL.TRIGGER_CONDITION" value="AND"/>
      <Properties Property="CONTROL.TRIGGER_POSITION" value="5"/>
      <Properties Property="CORE_REFRESH_RATE_MS" value="500"/>
    </Object>
    <Object name="design_1_i/both_data" gui_info="">
      <Properties Property="CONTROL.TRIGGER_CONDITION" value="OR"/>
      <Properties Property="CONTROL.TRIGGER_POSITION" value="5"/>
      <Properties Property="CORE_REFRESH_RATE_MS" value="50"/>
    </Object>
    <Object name="design_1_i/both_write" gui_info="">
      <Properties Property="CONTROL.TRIGGER_CONDITION" value="AND"/>
      <Properties Property="CONTROL.TRIGGER_POSITION" value="5"/>
      <Properties Property="CORE_REFRESH_RATE_MS" value="500"/>
    </Object>
    <Object name="design_1_i/fifo_read" gui_info="">
      <Properties Property="CONTROL.TRIGGER_CONDITION" value="AND"/>
      <Properties Property="CONTROL.TRIGGER_POSITION" value="5"/>
      <Properties Property="CORE_REFRESH_RATE_MS" value="500"/>
    </Object>
    <Object name="design_1_i/ila_0" gui_info="">
      <Properties Property="CONTROL.TRIGGER_CONDITION" value="AND"/>
      <Properties Property="CORE_REFRESH_RATE_MS" value="500"/>
    </Object>
    <Object name="design_1_i/ila_1" gui_info="">
      <Properties Property="CONTROL.TRIGGER_CONDITION" value="AND"/>
      <Properties Property="CORE_REFRESH_RATE_MS" value="500"/>
    </Object>
    <Object name="u_ila_0" gui_info="">
      <Properties Property="CONTROL.TRIGGER_CONDITION" value="AND"/>
      <Properties Property="CONTROL.TRIGGER_POSITION" value="500"/>
      <Properties Property="CORE_REFRESH_RATE_MS" value="500"/>
    </Object>
    <Object name="u_ila_1" gui_info="">
      <Properties Property="CONTROL.TRIGGER_CONDITION" value="AND"/>
      <Properties Property="CONTROL.TRIGGER_MODE" value="BASIC_ONLY"/>
      <Properties Property="CORE_REFRESH_RATE_MS" value="500"/>
    </Object>
    <Object name="u_ila_2" gui_info="">
      <Properties Property="CONTROL.TRIGGER_CONDITION" value="AND"/>
      <Properties Property="CORE_REFRESH_RATE_MS" value="500"/>
    </Object>
  </ObjectList>
  <ObjectList object_type="hw_probe" gui_info="">
    <Object name="design_1_i/Conn_TREADY" gui_info="Trigger Setup=0"/>
    <Object name="design_1_i/NLW_both_data_probe4_UNCONNECTED" gui_info="Trigger Setup=1"/>
    <Object name="design_1_i/NLW_both_data_probe5_UNCONNECTED" gui_info="Trigger Setup=2"/>
    <Object name="design_1_i/fifo_generator_0_dout_0[9:0]" gui_info="Trigger Setup=2"/>
    <Object name="design_1_i/fifo_generator_1/m_axis_tvalid" gui_info="Trigger Setup=0"/>
    <Object name="design_1_i/fifo_generator_1/s_axis_tready" gui_info="Trigger Setup=0"/>
    <Object name="design_1_i/fifo_generator_1_M_AXIS_TUSER[3:0]" gui_info="Trigger Setup=0"/>
    <Object name="design_1_i/fifo_generator_1_M_AXIS_TVALID" gui_info="Trigger Setup=1"/>
    <Object name="design_1_i/fifo_generator_1_dout1[9:0]" gui_info="Trigger Setup=16"/>
    <Object name="design_1_i/fifo_generator_1_dout[9:0]" gui_info="Trigger Setup=3"/>
    <Object name="design_1_i/fifo_generator_1_dout_0[15:0]" gui_info="Trigger Setup=0"/>
    <Object name="design_1_i/fifo_generator_1_dout_1[9:0]" gui_info="Trigger Setup=0"/>
    <Object name="design_1_i/fifo_generator_1_rd_data_count[9:0]" gui_info="Trigger Setup=0"/>
    <Object name="design_1_i/fifo_generator_1_wr_data_count[9:0]" gui_info="Trigger Setup=4"/>
    <Object name="design_1_i/fifo_generator_2_axis_prog_empty" gui_info="Trigger Setup=13"/>
    <Object name="design_1_i/fifo_generator_2_axis_prog_full" gui_info="Trigger Setup=14"/>
    <Object name="design_1_i/fifo_generator_2_axis_rd_data_count[9:0]" gui_info="Trigger Setup=5"/>
    <Object name="design_1_i/fifo_generator_2_axis_wr_data_count[9:0]" gui_info="Trigger Setup=6"/>
    <Object name="design_1_i/fifo_generator_2_m_axis_tdata[15:0]" gui_info="Trigger Setup=1"/>
    <Object name="design_1_i/fifo_generator_2_m_axis_tdata[9:0]" gui_info="Trigger Setup=7"/>
    <Object name="design_1_i/fifo_generator_2_m_axis_tdata_1[9:0]" gui_info="Trigger Setup=1"/>
    <Object name="design_1_i/fifo_generator_2_prog_empty" gui_info="Trigger Setup=8"/>
    <Object name="design_1_i/fifo_generator_2_prog_full" gui_info="Trigger Setup=9"/>
    <Object name="design_1_i/fifo_generator_2_s_axis_tready" gui_info="Trigger Setup=15"/>
    <Object name="design_1_i/gmii_to_rgmii_0_gmii_tx_clk" gui_info="Trigger Setup=8"/>
    <Object name="design_1_i/gmii_to_rgmii_1_gmii_rx_clk" gui_info="Trigger Setup=9"/>
    <Object name="design_1_i/link_status_and_gate_Res" gui_info="Trigger Setup=2"/>
    <Object name="design_1_i/link_status_and_gate_Res_0" gui_info="Trigger Setup=0"/>
    <Object name="design_1_i/link_status_not_gate_Res" gui_info="dashboard_1/hw_vio_1=0,hw_ila_1/hw_vio_1=0"/>
    <Object name="design_1_i/n_0_32" gui_info="Trigger Setup=2"/>
    <Object name="design_1_i/n_0_33" gui_info="Trigger Setup=3"/>
    <Object name="design_1_i/n_0_34" gui_info="Trigger Setup=4"/>
    <Object name="design_1_i/n_0_35" gui_info="Trigger Setup=5"/>
    <Object name="design_1_i/n_0_36" gui_info="Trigger Setup=6"/>
    <Object name="design_1_i/n_0_37" gui_info="Trigger Setup=7"/>
    <Object name="design_1_i/n_0_38" gui_info="Trigger Setup=8"/>
    <Object name="design_1_i/n_0_39" gui_info="Trigger Setup=9"/>
    <Object name="design_1_i/n_0_40" gui_info="Trigger Setup=10"/>
    <Object name="design_1_i/n_0_41" gui_info="Trigger Setup=11"/>
    <Object name="design_1_i/n_0_42" gui_info="Trigger Setup=12"/>
    <Object name="design_1_i/n_0_43" gui_info="Trigger Setup=13"/>
    <Object name="design_1_i/n_0_44" gui_info="Trigger Setup=14"/>
    <Object name="design_1_i/n_0_45" gui_info="Trigger Setup=15"/>
    <Object name="design_1_i/n_0_46" gui_info="Trigger Setup=16"/>
    <Object name="design_1_i/n_0_47" gui_info="Trigger Setup=17"/>
    <Object name="design_1_i/n_0_52" gui_info="Trigger Setup=18"/>
    <Object name="design_1_i/n_0_53" gui_info="Trigger Setup=19"/>
    <Object name="design_1_i/n_0_56" gui_info="Trigger Setup=20"/>
    <Object name="design_1_i/n_0_62" gui_info="Trigger Setup=21"/>
    <Object name="design_1_i/n_0_63" gui_info="Trigger Setup=22"/>
    <Object name="design_1_i/n_0_65" gui_info="Trigger Setup=23"/>
    <Object name="design_1_i/n_0_67" gui_info="Trigger Setup=24"/>
    <Object name="design_1_i/or_gate_rd_en_fifo_0_Res" gui_info="Trigger Setup=1"/>
    <Object name="design_1_i/or_gate_rd_en_fifo_1_Res" gui_info="Trigger Setup=10"/>
    <Object name="design_1_i/or_gate_rd_en_fifo_1_Res_1" gui_info="Trigger Setup=1"/>
    <Object name="design_1_i/or_gate_wr_en_fifo_0_Res" gui_info="Trigger Setup=3"/>
    <Object name="design_1_i/or_gate_wr_en_fifo_1_Res" gui_info="Trigger Setup=11"/>
    <Object name="design_1_i/or_gate_wr_en_fifo_1_Res_1" gui_info="Trigger Setup=2"/>
    <Object name="design_1_i/probe0" gui_info="Trigger Setup=25"/>
    <Object name="design_1_i/probe1[31:0]" gui_info="Trigger Setup=1"/>
    <Object name="design_1_i/probe2[3:0]" gui_info="Trigger Setup=2"/>
    <Object name="design_1_i/probe3" gui_info="Trigger Setup=3"/>
    <Object name="design_1_i/probe4" gui_info="Trigger Setup=4"/>
    <Object name="design_1_i/probe5" gui_info="Trigger Setup=5"/>
    <Object name="design_1_i/probe6[3:0]" gui_info="Trigger Setup=6"/>
    <Object name="design_1_i/probe7" gui_info="Trigger Setup=7"/>
    <Object name="design_1_i/probe8" gui_info="Trigger Setup=8"/>
    <Object name="design_1_i/probe_out1[9:0]" gui_info="hw_ila_1/hw_vio_1=1,dashboard_1/hw_vio_1=1"/>
    <Object name="design_1_i/vio_0_probe_out0" gui_info="dashboard_1/hw_vio_1=2,hw_ila_1/hw_vio_1=2"/>
    <Object name="design_1_i/vio_0_probe_out0_1" gui_info="Trigger Setup=12"/>
    <Object name="design_1_i/xlconcat_0_dout[0:0]" gui_info="Trigger Setup=0"/>
    <Object name="design_1_i/xlconcat_0_dout[9:0]" gui_info="Trigger Setup=0"/>
    <Object name="design_1_i/xlconcat_0_dout_1[8:4]" gui_info="Trigger Setup=1"/>
    <Object name="design_1_i/xlconcat_1_dout[0:0]" gui_info="Trigger Setup=3"/>
    <Object name="design_1_i/xlconcat_1_dout[8:4]" gui_info="Trigger Setup=1"/>
    <Object name="design_1_i/xlconcat_1_dout[9:0]" gui_info="hw_vios/hw_vio_1=0_exp,Trigger Setup=0"/>
    <Object name="design_1_i/xlconcat_1_dout_1[0:0]" gui_info="Trigger Setup=2"/>
    <Object name="design_1_i/xlconcat_1_dout_1[8:4]" gui_info="Trigger Setup=4"/>
    <Object name="design_1_i/xlconcat_1_dout_2[8:4]" gui_info="Trigger Setup=5"/>
    <Object name="u_ila_0_fifo_generator_1_axis_prog_empty" gui_info="Trigger Setup=6"/>
    <Object name="u_ila_0_fifo_generator_1_axis_prog_full" gui_info="Trigger Setup=3"/>
    <Object name="u_ila_0_fifo_generator_1_dout_0[15:0]" gui_info="Trigger Setup=4"/>
    <Object name="u_ila_0_or_gate_rd_en_fifo_0_Res" gui_info="Trigger Setup=1"/>
    <Object name="u_ila_0_xlconcat_1_dout[9:9]" gui_info="Trigger Setup=5"/>
    <Object name="u_ila_0_xlconcat_1_dout_1[3:1]" gui_info="Trigger Setup=6"/>
    <Object name="u_ila_1_fifo_generator_1_axis_prog_empty" gui_info="Trigger Setup=2"/>
    <Object name="u_ila_1_fifo_generator_1_axis_prog_full" gui_info="Trigger Setup=1"/>
    <Object name="u_ila_1_xlconcat_0_dout[9:9]" gui_info="Trigger Setup=2"/>
    <Object name="u_ila_1_xlconcat_0_dout_1[3:1]" gui_info="Trigger Setup=3"/>
    <Object name="u_ila_1_xlconcat_0_dout_2[9:9]" gui_info="Trigger Setup=4"/>
    <Object name="u_ila_1_xlconcat_1_dout[9:9]" gui_info="Trigger Setup=6"/>
    <Object name="u_ila_1_xlconcat_1_dout_1[3:1]" gui_info="Trigger Setup=7"/>
  </ObjectList>
  <ObjectList object_type="hw_sysmon" gui_info="">
    <Object name="XADC" gui_info="dashboard_1=[TEMPERATURE=-65281;SCAN_RATE=1000;TRACK_TIME=1;]"/>
  </ObjectList>
  <ObjectList object_type="hw_vio" gui_info="">
    <Object name="hw_vio_1" gui_info="hw_vios/hw_vio_1/TablePreference=5	522	Name	0	2147483647	15	237	237	Value	1	2147483647	15	66	66	Activity	2	2147483647	15	74	74	Direction	3	2147483647	15	87	87	VIO	4	2147483647	15	58	58			1	6	1	Name	Value	Activity	Direction	VIO,dashboard_1/hw_vio_1/TablePreference=5	551	Name	0	2147483647	15	266	266	Value	1	2147483647	15	66	66	Activity	2	2147483647	15	74	74	Direction	3	2147483647	15	87	87	VIO	4	2147483647	15	58	58			1	6	1	Name	Value	Activity	Direction	VIO,hw_ila_1/hw_vio_1/TablePreference=5	635	Name	0	2147483647	15	266	266	Value	1	2147483647	15	150	150	Activity	2	2147483647	15	74	74	Direction	3	2147483647	15	87	87	VIO	4	2147483647	15	58	58			1	6	1	Name	Value	Activity	Direction	VIO"/>
  </ObjectList>
  <probeset name="hw project" active="false">
    <probe type="ila" busType="net" source="netlist" spec="ILA_V2_RT">
      <probeOptions Id="DebugProbeParams">
        <Option Id="CAPTURE_COMPARE_VALUE" value="eq1&apos;bX"/>
        <Option Id="COMPARE_VALUE.0" value="eq1&apos;bX"/>
        <Option Id="DISPLAY_HINT" value=""/>
        <Option Id="DISPLAY_VISIBILITY" value=""/>
        <Option Id="HW_ILA" value="hw_ila_1"/>
        <Option Id="MAP" value="probe0[0]"/>
        <Option Id="NAME.CUSTOM" value=""/>
        <Option Id="NAME.SELECT" value="Long"/>
        <Option Id="SOURCE" value="netlist"/>
        <Option Id="TRIGGER_COMPARE_VALUE" value="eq1&apos;bX"/>
      </probeOptions>
      <nets>
        <net name="design_1_i/Conn_TREADY"/>
      </nets>
    </probe>
    <probe type="ila" busType="net" source="netlist" spec="ILA_V2_RT">
      <probeOptions Id="DebugProbeParams">
        <Option Id="CAPTURE_COMPARE_VALUE" value="eq1&apos;bX"/>
        <Option Id="COMPARE_VALUE.0" value="eq1&apos;bX"/>
        <Option Id="DISPLAY_HINT" value=""/>
        <Option Id="DISPLAY_VISIBILITY" value=""/>
        <Option Id="HW_ILA" value="hw_ila_1"/>
        <Option Id="MAP" value="probe4[10]"/>
        <Option Id="NAME.CUSTOM" value=""/>
        <Option Id="NAME.SELECT" value="Long"/>
        <Option Id="SOURCE" value="netlist"/>
        <Option Id="TRIGGER_COMPARE_VALUE" value="eq1&apos;bX"/>
      </probeOptions>
      <nets>
        <net name="design_1_i/NLW_both_data_probe4_UNCONNECTED"/>
      </nets>
    </probe>
    <probe type="ila" busType="net" source="netlist" spec="ILA_V2_RT">
      <probeOptions Id="DebugProbeParams">
        <Option Id="CAPTURE_COMPARE_VALUE" value="eq1&apos;bX"/>
        <Option Id="COMPARE_VALUE.0" value="eq1&apos;bX"/>
        <Option Id="DISPLAY_HINT" value=""/>
        <Option Id="DISPLAY_VISIBILITY" value=""/>
        <Option Id="HW_ILA" value="hw_ila_1"/>
        <Option Id="MAP" value="probe5[10]"/>
        <Option Id="NAME.CUSTOM" value=""/>
        <Option Id="NAME.SELECT" value="Long"/>
        <Option Id="SOURCE" value="netlist"/>
        <Option Id="TRIGGER_COMPARE_VALUE" value="eq1&apos;bX"/>
      </probeOptions>
      <nets>
        <net name="design_1_i/NLW_both_data_probe5_UNCONNECTED"/>
      </nets>
    </probe>
    <probe type="ila" busType="net" source="netlist" spec="ILA_V2_RT">
      <probeOptions Id="DebugProbeParams">
        <Option Id="CAPTURE_COMPARE_VALUE" value="eq10&apos;hXXX"/>
        <Option Id="COMPARE_VALUE.0" value="eq10&apos;hXXX"/>
        <Option Id="DISPLAY_HINT" value=""/>
        <Option Id="DISPLAY_VISIBILITY" value=""/>
        <Option Id="HW_ILA" value="hw_ila_1"/>
        <Option Id="MAP" value="probe1[9:0]"/>
        <Option Id="NAME.CUSTOM" value=""/>
        <Option Id="NAME.SELECT" value="Long"/>
        <Option Id="SOURCE" value="netlist"/>
        <Option Id="TRIGGER_COMPARE_VALUE" value="eq10&apos;hXXX"/>
      </probeOptions>
      <nets>
        <net name="design_1_i/fifo_generator_0_dout_0[9]"/>
        <net name="design_1_i/fifo_generator_0_dout_0[8]"/>
        <net name="design_1_i/fifo_generator_0_dout_0[7]"/>
        <net name="design_1_i/fifo_generator_0_dout_0[6]"/>
        <net name="design_1_i/fifo_generator_0_dout_0[5]"/>
        <net name="design_1_i/fifo_generator_0_dout_0[4]"/>
        <net name="design_1_i/fifo_generator_0_dout_0[3]"/>
        <net name="design_1_i/fifo_generator_0_dout_0[2]"/>
        <net name="design_1_i/fifo_generator_0_dout_0[1]"/>
        <net name="design_1_i/fifo_generator_0_dout_0[0]"/>
      </nets>
    </probe>
    <probe type="ila" busType="net" source="netlist" spec="ILA_V2_RT">
      <probeOptions Id="DebugProbeParams">
        <Option Id="CAPTURE_COMPARE_VALUE" value="eq1&apos;bX"/>
        <Option Id="COMPARE_VALUE.0" value="eq1&apos;bX"/>
        <Option Id="DISPLAY_HINT" value=""/>
        <Option Id="DISPLAY_VISIBILITY" value=""/>
        <Option Id="HW_ILA" value="hw_ila_1"/>
        <Option Id="MAP" value="probe4[0]"/>
        <Option Id="NAME.CUSTOM" value=""/>
        <Option Id="NAME.SELECT" value="Long"/>
        <Option Id="SOURCE" value="netlist"/>
        <Option Id="TRIGGER_COMPARE_VALUE" value="eq1&apos;bX"/>
      </probeOptions>
      <nets>
        <net name="design_1_i/fifo_generator_1/m_axis_tvalid"/>
      </nets>
    </probe>
    <probe type="ila" busType="net" source="netlist" spec="ILA_V2_RT">
      <probeOptions Id="DebugProbeParams">
        <Option Id="CAPTURE_COMPARE_VALUE" value="eq1&apos;bX"/>
        <Option Id="COMPARE_VALUE.0" value="eq1&apos;bB"/>
        <Option Id="DISPLAY_HINT" value=""/>
        <Option Id="DISPLAY_VISIBILITY" value=""/>
        <Option Id="HW_ILA" value="hw_ila_2"/>
        <Option Id="MAP" value="probe2[0]"/>
        <Option Id="NAME.CUSTOM" value=""/>
        <Option Id="NAME.SELECT" value="Long"/>
        <Option Id="SOURCE" value="netlist"/>
        <Option Id="TRIGGER_COMPARE_VALUE" value="eq1&apos;bB"/>
      </probeOptions>
      <nets>
        <net name="design_1_i/fifo_generator_1/s_axis_tready"/>
      </nets>
    </probe>
    <probe type="ila" busType="net" source="netlist" spec="ILA_V2_RT">
      <probeOptions Id="DebugProbeParams">
        <Option Id="CAPTURE_COMPARE_VALUE" value="eq4&apos;hX"/>
        <Option Id="COMPARE_VALUE.0" value="eq4&apos;hX"/>
        <Option Id="DISPLAY_HINT" value=""/>
        <Option Id="DISPLAY_VISIBILITY" value=""/>
        <Option Id="HW_ILA" value="hw_ila_2"/>
        <Option Id="MAP" value="probe5[3:0]"/>
        <Option Id="NAME.CUSTOM" value=""/>
        <Option Id="NAME.SELECT" value="Long"/>
        <Option Id="SOURCE" value="netlist"/>
        <Option Id="TRIGGER_COMPARE_VALUE" value="eq4&apos;hX"/>
      </probeOptions>
      <nets>
        <net name="design_1_i/fifo_generator_1_M_AXIS_TUSER[3]"/>
        <net name="design_1_i/fifo_generator_1_M_AXIS_TUSER[2]"/>
        <net name="design_1_i/fifo_generator_1_M_AXIS_TUSER[1]"/>
        <net name="design_1_i/fifo_generator_1_M_AXIS_TUSER[0]"/>
      </nets>
    </probe>
    <probe type="ila" busType="net" source="netlist" spec="ILA_V2_RT">
      <probeOptions Id="DebugProbeParams">
        <Option Id="CAPTURE_COMPARE_VALUE" value="eq1&apos;bX"/>
        <Option Id="COMPARE_VALUE.0" value="eq1&apos;bB"/>
        <Option Id="DISPLAY_HINT" value=""/>
        <Option Id="DISPLAY_VISIBILITY" value=""/>
        <Option Id="HW_ILA" value="hw_ila_2"/>
        <Option Id="MAP" value="probe3[0]"/>
        <Option Id="NAME.CUSTOM" value=""/>
        <Option Id="NAME.SELECT" value="Long"/>
        <Option Id="SOURCE" value="netlist"/>
        <Option Id="TRIGGER_COMPARE_VALUE" value="eq1&apos;bB"/>
      </probeOptions>
      <nets>
        <net name="design_1_i/fifo_generator_1_M_AXIS_TVALID"/>
      </nets>
    </probe>
    <probe type="ila" busType="bus" source="netlist" spec="ILA_V2_RT">
      <probeOptions Id="DebugProbeParams">
        <Option Id="CAPTURE_COMPARE_VALUE" value="eq10&apos;hXXX"/>
        <Option Id="COMPARE_VALUE.0" value="eq10&apos;bXX_0101_0101"/>
        <Option Id="DISPLAY_HINT" value=""/>
        <Option Id="DISPLAY_VISIBILITY" value=""/>
        <Option Id="HW_ILA" value="hw_ila_1"/>
        <Option Id="MAP" value="probe3[9:0]"/>
        <Option Id="NAME.CUSTOM" value="final_data"/>
        <Option Id="NAME.SELECT" value="Custom"/>
        <Option Id="SOURCE" value="netlist"/>
        <Option Id="TRIGGER_COMPARE_VALUE" value="eq10&apos;bXX_0101_0101"/>
      </probeOptions>
      <nets>
        <net name="design_1_i/fifo_generator_1_dout1[9]"/>
        <net name="design_1_i/fifo_generator_1_dout1[8]"/>
        <net name="design_1_i/fifo_generator_1_dout1[7]"/>
        <net name="design_1_i/fifo_generator_1_dout1[6]"/>
        <net name="design_1_i/fifo_generator_1_dout1[5]"/>
        <net name="design_1_i/fifo_generator_1_dout1[4]"/>
        <net name="design_1_i/fifo_generator_1_dout1[3]"/>
        <net name="design_1_i/fifo_generator_1_dout1[2]"/>
        <net name="design_1_i/fifo_generator_1_dout1[1]"/>
        <net name="design_1_i/fifo_generator_1_dout1[0]"/>
      </nets>
    </probe>
    <probe type="ila" busType="bus" source="netlist" spec="ILA_V2_RT">
      <probeOptions Id="DebugProbeParams">
        <Option Id="CAPTURE_COMPARE_VALUE" value="eq10&apos;hXXX"/>
        <Option Id="COMPARE_VALUE.0" value="eq10&apos;hXXX"/>
        <Option Id="DISPLAY_HINT" value=""/>
        <Option Id="DISPLAY_VISIBILITY" value=""/>
        <Option Id="HW_ILA" value="hw_ila_1"/>
        <Option Id="MAP" value="probe14[9:0]"/>
        <Option Id="NAME.CUSTOM" value=""/>
        <Option Id="NAME.SELECT" value="Long"/>
        <Option Id="SOURCE" value="netlist"/>
        <Option Id="TRIGGER_COMPARE_VALUE" value="eq10&apos;hXXX"/>
      </probeOptions>
      <nets>
        <net name="design_1_i/fifo_generator_1_dout[9]"/>
        <net name="design_1_i/fifo_generator_1_dout[8]"/>
        <net name="design_1_i/fifo_generator_1_dout[7]"/>
        <net name="design_1_i/fifo_generator_1_dout[6]"/>
        <net name="design_1_i/fifo_generator_1_dout[5]"/>
        <net name="design_1_i/fifo_generator_1_dout[4]"/>
        <net name="design_1_i/fifo_generator_1_dout[3]"/>
        <net name="design_1_i/fifo_generator_1_dout[2]"/>
        <net name="design_1_i/fifo_generator_1_dout[1]"/>
        <net name="design_1_i/fifo_generator_1_dout[0]"/>
      </nets>
    </probe>
    <probe type="ila" busType="net" source="netlist" spec="ILA_V2_RT">
      <probeOptions Id="DebugProbeParams">
        <Option Id="CAPTURE_COMPARE_VALUE" value="eq16&apos;hXXXX"/>
        <Option Id="COMPARE_VALUE.0" value="eq16&apos;hXXXX"/>
        <Option Id="DISPLAY_HINT" value=""/>
        <Option Id="DISPLAY_VISIBILITY" value=""/>
        <Option Id="HW_ILA" value="hw_ila_2"/>
        <Option Id="MAP" value="probe1[15:0]"/>
        <Option Id="NAME.CUSTOM" value=""/>
        <Option Id="NAME.SELECT" value="Long"/>
        <Option Id="SOURCE" value="netlist"/>
        <Option Id="TRIGGER_COMPARE_VALUE" value="eq16&apos;hXXXX"/>
      </probeOptions>
      <nets>
        <net name="design_1_i/fifo_generator_1_dout_0[15]"/>
        <net name="design_1_i/fifo_generator_1_dout_0[14]"/>
        <net name="design_1_i/fifo_generator_1_dout_0[13]"/>
        <net name="design_1_i/fifo_generator_1_dout_0[12]"/>
        <net name="design_1_i/fifo_generator_1_dout_0[11]"/>
        <net name="design_1_i/fifo_generator_1_dout_0[10]"/>
        <net name="design_1_i/fifo_generator_1_dout_0[9]"/>
        <net name="design_1_i/fifo_generator_1_dout_0[8]"/>
        <net name="design_1_i/fifo_generator_1_dout_0[7]"/>
        <net name="design_1_i/fifo_generator_1_dout_0[6]"/>
        <net name="design_1_i/fifo_generator_1_dout_0[5]"/>
        <net name="design_1_i/fifo_generator_1_dout_0[4]"/>
        <net name="design_1_i/fifo_generator_1_dout_0[3]"/>
        <net name="design_1_i/fifo_generator_1_dout_0[2]"/>
        <net name="design_1_i/fifo_generator_1_dout_0[1]"/>
        <net name="design_1_i/fifo_generator_1_dout_0[0]"/>
      </nets>
    </probe>
    <probe type="ila" busType="net" source="netlist" spec="ILA_V2_RT">
      <probeOptions Id="DebugProbeParams">
        <Option Id="CAPTURE_COMPARE_VALUE" value="eq10&apos;hXXX"/>
        <Option Id="COMPARE_VALUE.0" value="neq10&apos;h0DD"/>
        <Option Id="DISPLAY_HINT" value=""/>
        <Option Id="DISPLAY_VISIBILITY" value=""/>
        <Option Id="HW_ILA" value="hw_ila_2"/>
        <Option Id="MAP" value="probe1[9:0]"/>
        <Option Id="NAME.CUSTOM" value=""/>
        <Option Id="NAME.SELECT" value="Long"/>
        <Option Id="SOURCE" value="netlist"/>
        <Option Id="TRIGGER_COMPARE_VALUE" value="neq10&apos;h0DD"/>
      </probeOptions>
      <nets>
        <net name="design_1_i/fifo_generator_1_dout_1[9]"/>
        <net name="design_1_i/fifo_generator_1_dout_1[8]"/>
        <net name="design_1_i/fifo_generator_1_dout_1[7]"/>
        <net name="design_1_i/fifo_generator_1_dout_1[6]"/>
        <net name="design_1_i/fifo_generator_1_dout_1[5]"/>
        <net name="design_1_i/fifo_generator_1_dout_1[4]"/>
        <net name="design_1_i/fifo_generator_1_dout_1[3]"/>
        <net name="design_1_i/fifo_generator_1_dout_1[2]"/>
        <net name="design_1_i/fifo_generator_1_dout_1[1]"/>
        <net name="design_1_i/fifo_generator_1_dout_1[0]"/>
      </nets>
    </probe>
    <probe type="ila" busType="bus" source="netlist" spec="ILA_V2_RT">
      <probeOptions Id="DebugProbeParams">
        <Option Id="CAPTURE_COMPARE_VALUE" value="eq10&apos;hXXX"/>
        <Option Id="COMPARE_VALUE.0" value="eq10&apos;hXXX"/>
        <Option Id="DISPLAY_HINT" value=""/>
        <Option Id="DISPLAY_VISIBILITY" value=""/>
        <Option Id="HW_ILA" value="hw_ila_1"/>
        <Option Id="MAP" value="probe5[9:0]"/>
        <Option Id="NAME.CUSTOM" value=""/>
        <Option Id="NAME.SELECT" value="Long"/>
        <Option Id="SOURCE" value="netlist"/>
        <Option Id="TRIGGER_COMPARE_VALUE" value="eq10&apos;hXXX"/>
      </probeOptions>
      <nets>
        <net name="design_1_i/fifo_generator_1_rd_data_count[9]"/>
        <net name="design_1_i/fifo_generator_1_rd_data_count[8]"/>
        <net name="design_1_i/fifo_generator_1_rd_data_count[7]"/>
        <net name="design_1_i/fifo_generator_1_rd_data_count[6]"/>
        <net name="design_1_i/fifo_generator_1_rd_data_count[5]"/>
        <net name="design_1_i/fifo_generator_1_rd_data_count[4]"/>
        <net name="design_1_i/fifo_generator_1_rd_data_count[3]"/>
        <net name="design_1_i/fifo_generator_1_rd_data_count[2]"/>
        <net name="design_1_i/fifo_generator_1_rd_data_count[1]"/>
        <net name="design_1_i/fifo_generator_1_rd_data_count[0]"/>
      </nets>
    </probe>
    <probe type="ila" busType="bus" source="netlist" spec="ILA_V2_RT">
      <probeOptions Id="DebugProbeParams">
        <Option Id="CAPTURE_COMPARE_VALUE" value="eq10&apos;hXXX"/>
        <Option Id="COMPARE_VALUE.0" value="eq10&apos;hXXX"/>
        <Option Id="DISPLAY_HINT" value=""/>
        <Option Id="DISPLAY_VISIBILITY" value=""/>
        <Option Id="HW_ILA" value="hw_ila_1"/>
        <Option Id="MAP" value="probe4[9:0]"/>
        <Option Id="NAME.CUSTOM" value=""/>
        <Option Id="NAME.SELECT" value="Long"/>
        <Option Id="SOURCE" value="netlist"/>
        <Option Id="TRIGGER_COMPARE_VALUE" value="eq10&apos;hXXX"/>
      </probeOptions>
      <nets>
        <net name="design_1_i/fifo_generator_1_wr_data_count[9]"/>
        <net name="design_1_i/fifo_generator_1_wr_data_count[8]"/>
        <net name="design_1_i/fifo_generator_1_wr_data_count[7]"/>
        <net name="design_1_i/fifo_generator_1_wr_data_count[6]"/>
        <net name="design_1_i/fifo_generator_1_wr_data_count[5]"/>
        <net name="design_1_i/fifo_generator_1_wr_data_count[4]"/>
        <net name="design_1_i/fifo_generator_1_wr_data_count[3]"/>
        <net name="design_1_i/fifo_generator_1_wr_data_count[2]"/>
        <net name="design_1_i/fifo_generator_1_wr_data_count[1]"/>
        <net name="design_1_i/fifo_generator_1_wr_data_count[0]"/>
      </nets>
    </probe>
    <probe type="ila" busType="net" source="netlist" spec="ILA_V2_RT">
      <probeOptions Id="DebugProbeParams">
        <Option Id="CAPTURE_COMPARE_VALUE" value="eq1&apos;bX"/>
        <Option Id="COMPARE_VALUE.0" value="eq1&apos;bX"/>
        <Option Id="DISPLAY_HINT" value=""/>
        <Option Id="DISPLAY_VISIBILITY" value=""/>
        <Option Id="HW_ILA" value="hw_ila_1"/>
        <Option Id="MAP" value="probe13[0]"/>
        <Option Id="NAME.CUSTOM" value=""/>
        <Option Id="NAME.SELECT" value="Long"/>
        <Option Id="SOURCE" value="netlist"/>
        <Option Id="TRIGGER_COMPARE_VALUE" value="eq1&apos;bX"/>
      </probeOptions>
      <nets>
        <net name="design_1_i/fifo_generator_2_axis_prog_empty"/>
      </nets>
    </probe>
    <probe type="ila" busType="net" source="netlist" spec="ILA_V2_RT">
      <probeOptions Id="DebugProbeParams">
        <Option Id="CAPTURE_COMPARE_VALUE" value="eq1&apos;bX"/>
        <Option Id="COMPARE_VALUE.0" value="eq1&apos;bX"/>
        <Option Id="DISPLAY_HINT" value=""/>
        <Option Id="DISPLAY_VISIBILITY" value=""/>
        <Option Id="HW_ILA" value="hw_ila_1"/>
        <Option Id="MAP" value="probe12[0]"/>
        <Option Id="NAME.CUSTOM" value=""/>
        <Option Id="NAME.SELECT" value="Long"/>
        <Option Id="SOURCE" value="netlist"/>
        <Option Id="TRIGGER_COMPARE_VALUE" value="eq1&apos;bX"/>
      </probeOptions>
      <nets>
        <net name="design_1_i/fifo_generator_2_axis_prog_full"/>
      </nets>
    </probe>
    <probe type="ila" busType="bus" source="netlist" spec="ILA_V2_RT">
      <probeOptions Id="DebugProbeParams">
        <Option Id="CAPTURE_COMPARE_VALUE" value="eq10&apos;hXXX"/>
        <Option Id="COMPARE_VALUE.0" value="eq10&apos;hXXX"/>
        <Option Id="DISPLAY_HINT" value=""/>
        <Option Id="DISPLAY_VISIBILITY" value=""/>
        <Option Id="HW_ILA" value="hw_ila_1"/>
        <Option Id="MAP" value="probe2[9:0]"/>
        <Option Id="NAME.CUSTOM" value=""/>
        <Option Id="NAME.SELECT" value="Long"/>
        <Option Id="SOURCE" value="netlist"/>
        <Option Id="TRIGGER_COMPARE_VALUE" value="eq10&apos;hXXX"/>
      </probeOptions>
      <nets>
        <net name="design_1_i/fifo_generator_2_axis_rd_data_count[9]"/>
        <net name="design_1_i/fifo_generator_2_axis_rd_data_count[8]"/>
        <net name="design_1_i/fifo_generator_2_axis_rd_data_count[7]"/>
        <net name="design_1_i/fifo_generator_2_axis_rd_data_count[6]"/>
        <net name="design_1_i/fifo_generator_2_axis_rd_data_count[5]"/>
        <net name="design_1_i/fifo_generator_2_axis_rd_data_count[4]"/>
        <net name="design_1_i/fifo_generator_2_axis_rd_data_count[3]"/>
        <net name="design_1_i/fifo_generator_2_axis_rd_data_count[2]"/>
        <net name="design_1_i/fifo_generator_2_axis_rd_data_count[1]"/>
        <net name="design_1_i/fifo_generator_2_axis_rd_data_count[0]"/>
      </nets>
    </probe>
    <probe type="ila" busType="bus" source="netlist" spec="ILA_V2_RT">
      <probeOptions Id="DebugProbeParams">
        <Option Id="CAPTURE_COMPARE_VALUE" value="eq10&apos;hXXX"/>
        <Option Id="COMPARE_VALUE.0" value="eq10&apos;hXXX"/>
        <Option Id="DISPLAY_HINT" value=""/>
        <Option Id="DISPLAY_VISIBILITY" value=""/>
        <Option Id="HW_ILA" value="hw_ila_1"/>
        <Option Id="MAP" value="probe1[9:0]"/>
        <Option Id="NAME.CUSTOM" value=""/>
        <Option Id="NAME.SELECT" value="Long"/>
        <Option Id="SOURCE" value="netlist"/>
        <Option Id="TRIGGER_COMPARE_VALUE" value="eq10&apos;hXXX"/>
      </probeOptions>
      <nets>
        <net name="design_1_i/fifo_generator_2_axis_wr_data_count[9]"/>
        <net name="design_1_i/fifo_generator_2_axis_wr_data_count[8]"/>
        <net name="design_1_i/fifo_generator_2_axis_wr_data_count[7]"/>
        <net name="design_1_i/fifo_generator_2_axis_wr_data_count[6]"/>
        <net name="design_1_i/fifo_generator_2_axis_wr_data_count[5]"/>
        <net name="design_1_i/fifo_generator_2_axis_wr_data_count[4]"/>
        <net name="design_1_i/fifo_generator_2_axis_wr_data_count[3]"/>
        <net name="design_1_i/fifo_generator_2_axis_wr_data_count[2]"/>
        <net name="design_1_i/fifo_generator_2_axis_wr_data_count[1]"/>
        <net name="design_1_i/fifo_generator_2_axis_wr_data_count[0]"/>
      </nets>
    </probe>
    <probe type="ila" busType="net" source="netlist" spec="ILA_V2_RT">
      <probeOptions Id="DebugProbeParams">
        <Option Id="CAPTURE_COMPARE_VALUE" value="eq16&apos;hXXXX"/>
        <Option Id="COMPARE_VALUE.0" value="neq16&apos;hX0DD"/>
        <Option Id="DISPLAY_HINT" value=""/>
        <Option Id="DISPLAY_VISIBILITY" value=""/>
        <Option Id="HW_ILA" value="hw_ila_1"/>
        <Option Id="MAP" value="probe0[15:0]"/>
        <Option Id="NAME.CUSTOM" value=""/>
        <Option Id="NAME.SELECT" value="Long"/>
        <Option Id="SOURCE" value="netlist"/>
        <Option Id="TRIGGER_COMPARE_VALUE" value="neq16&apos;hX0DD"/>
      </probeOptions>
      <nets>
        <net name="design_1_i/fifo_generator_2_m_axis_tdata[15]"/>
        <net name="design_1_i/fifo_generator_2_m_axis_tdata[14]"/>
        <net name="design_1_i/fifo_generator_2_m_axis_tdata[13]"/>
        <net name="design_1_i/fifo_generator_2_m_axis_tdata[12]"/>
        <net name="design_1_i/fifo_generator_2_m_axis_tdata[11]"/>
        <net name="design_1_i/fifo_generator_2_m_axis_tdata[10]"/>
        <net name="design_1_i/fifo_generator_2_m_axis_tdata[9]"/>
        <net name="design_1_i/fifo_generator_2_m_axis_tdata[8]"/>
        <net name="design_1_i/fifo_generator_2_m_axis_tdata[7]"/>
        <net name="design_1_i/fifo_generator_2_m_axis_tdata[6]"/>
        <net name="design_1_i/fifo_generator_2_m_axis_tdata[5]"/>
        <net name="design_1_i/fifo_generator_2_m_axis_tdata[4]"/>
        <net name="design_1_i/fifo_generator_2_m_axis_tdata[3]"/>
        <net name="design_1_i/fifo_generator_2_m_axis_tdata[2]"/>
        <net name="design_1_i/fifo_generator_2_m_axis_tdata[1]"/>
        <net name="design_1_i/fifo_generator_2_m_axis_tdata[0]"/>
      </nets>
    </probe>
    <probe type="ila" busType="bus" source="netlist" spec="ILA_V2_RT">
      <probeOptions Id="DebugProbeParams">
        <Option Id="CAPTURE_COMPARE_VALUE" value="eq10&apos;hXXX"/>
        <Option Id="COMPARE_VALUE.0" value="eq10&apos;hXXX"/>
        <Option Id="DISPLAY_HINT" value=""/>
        <Option Id="DISPLAY_VISIBILITY" value=""/>
        <Option Id="HW_ILA" value="hw_ila_1"/>
        <Option Id="MAP" value="probe0[9:0]"/>
        <Option Id="NAME.CUSTOM" value=""/>
        <Option Id="NAME.SELECT" value="Long"/>
        <Option Id="SOURCE" value="netlist"/>
        <Option Id="TRIGGER_COMPARE_VALUE" value="eq10&apos;hXXX"/>
      </probeOptions>
      <nets>
        <net name="design_1_i/fifo_generator_2_m_axis_tdata[9]"/>
        <net name="design_1_i/fifo_generator_2_m_axis_tdata[8]"/>
        <net name="design_1_i/fifo_generator_2_m_axis_tdata[7]"/>
        <net name="design_1_i/fifo_generator_2_m_axis_tdata[6]"/>
        <net name="design_1_i/fifo_generator_2_m_axis_tdata[5]"/>
        <net name="design_1_i/fifo_generator_2_m_axis_tdata[4]"/>
        <net name="design_1_i/fifo_generator_2_m_axis_tdata[3]"/>
        <net name="design_1_i/fifo_generator_2_m_axis_tdata[2]"/>
        <net name="design_1_i/fifo_generator_2_m_axis_tdata[1]"/>
        <net name="design_1_i/fifo_generator_2_m_axis_tdata[0]"/>
      </nets>
    </probe>
    <probe type="ila" busType="net" source="netlist" spec="ILA_V2_RT">
      <probeOptions Id="DebugProbeParams">
        <Option Id="CAPTURE_COMPARE_VALUE" value="eq10&apos;hXXX"/>
        <Option Id="COMPARE_VALUE.0" value="eq10&apos;hXXX"/>
        <Option Id="DISPLAY_HINT" value=""/>
        <Option Id="DISPLAY_VISIBILITY" value=""/>
        <Option Id="HW_ILA" value="hw_ila_2"/>
        <Option Id="MAP" value="probe0[9:0]"/>
        <Option Id="NAME.CUSTOM" value=""/>
        <Option Id="NAME.SELECT" value="Long"/>
        <Option Id="SOURCE" value="netlist"/>
        <Option Id="TRIGGER_COMPARE_VALUE" value="eq10&apos;hXXX"/>
      </probeOptions>
      <nets>
        <net name="design_1_i/fifo_generator_2_m_axis_tdata_1[9]"/>
        <net name="design_1_i/fifo_generator_2_m_axis_tdata_1[8]"/>
        <net name="design_1_i/fifo_generator_2_m_axis_tdata_1[7]"/>
        <net name="design_1_i/fifo_generator_2_m_axis_tdata_1[6]"/>
        <net name="design_1_i/fifo_generator_2_m_axis_tdata_1[5]"/>
        <net name="design_1_i/fifo_generator_2_m_axis_tdata_1[4]"/>
        <net name="design_1_i/fifo_generator_2_m_axis_tdata_1[3]"/>
        <net name="design_1_i/fifo_generator_2_m_axis_tdata_1[2]"/>
        <net name="design_1_i/fifo_generator_2_m_axis_tdata_1[1]"/>
        <net name="design_1_i/fifo_generator_2_m_axis_tdata_1[0]"/>
      </nets>
    </probe>
    <probe type="ila" busType="net" source="netlist" spec="ILA_V2_RT">
      <probeOptions Id="DebugProbeParams">
        <Option Id="CAPTURE_COMPARE_VALUE" value="eq1&apos;bX"/>
        <Option Id="COMPARE_VALUE.0" value="eq1&apos;bX"/>
        <Option Id="DISPLAY_HINT" value=""/>
        <Option Id="DISPLAY_VISIBILITY" value=""/>
        <Option Id="HW_ILA" value="hw_ila_1"/>
        <Option Id="MAP" value="probe9[0]"/>
        <Option Id="NAME.CUSTOM" value=""/>
        <Option Id="NAME.SELECT" value="Long"/>
        <Option Id="SOURCE" value="netlist"/>
        <Option Id="TRIGGER_COMPARE_VALUE" value="eq1&apos;bX"/>
      </probeOptions>
      <nets>
        <net name="design_1_i/fifo_generator_2_prog_empty"/>
      </nets>
    </probe>
    <probe type="ila" busType="net" source="netlist" spec="ILA_V2_RT">
      <probeOptions Id="DebugProbeParams">
        <Option Id="CAPTURE_COMPARE_VALUE" value="eq1&apos;bX"/>
        <Option Id="COMPARE_VALUE.0" value="eq1&apos;bX"/>
        <Option Id="DISPLAY_HINT" value=""/>
        <Option Id="DISPLAY_VISIBILITY" value=""/>
        <Option Id="HW_ILA" value="hw_ila_1"/>
        <Option Id="MAP" value="probe8[0]"/>
        <Option Id="NAME.CUSTOM" value=""/>
        <Option Id="NAME.SELECT" value="Long"/>
        <Option Id="SOURCE" value="netlist"/>
        <Option Id="TRIGGER_COMPARE_VALUE" value="eq1&apos;bX"/>
      </probeOptions>
      <nets>
        <net name="design_1_i/fifo_generator_2_prog_full"/>
      </nets>
    </probe>
    <probe type="ila" busType="net" source="netlist" spec="ILA_V2_RT">
      <probeOptions Id="DebugProbeParams">
        <Option Id="CAPTURE_COMPARE_VALUE" value="eq1&apos;bX"/>
        <Option Id="COMPARE_VALUE.0" value="eq1&apos;bX"/>
        <Option Id="DISPLAY_HINT" value=""/>
        <Option Id="DISPLAY_VISIBILITY" value=""/>
        <Option Id="HW_ILA" value="hw_ila_1"/>
        <Option Id="MAP" value="probe11[0]"/>
        <Option Id="NAME.CUSTOM" value="s_axis_tready"/>
        <Option Id="NAME.SELECT" value="Custom"/>
        <Option Id="SOURCE" value="netlist"/>
        <Option Id="TRIGGER_COMPARE_VALUE" value="eq1&apos;bX"/>
      </probeOptions>
      <nets>
        <net name="design_1_i/fifo_generator_2_s_axis_tready"/>
      </nets>
    </probe>
    <probe type="ila" busType="net" source="netlist" spec="ILA_V2_RT">
      <probeOptions Id="DebugProbeParams">
        <Option Id="CAPTURE_COMPARE_VALUE" value="eq1&apos;bX"/>
        <Option Id="COMPARE_VALUE.0" value="eq1&apos;bX"/>
        <Option Id="DISPLAY_HINT" value=""/>
        <Option Id="DISPLAY_VISIBILITY" value=""/>
        <Option Id="HW_ILA" value="hw_ila_1"/>
        <Option Id="MAP" value="probe9[0]"/>
        <Option Id="NAME.CUSTOM" value=""/>
        <Option Id="NAME.SELECT" value="Long"/>
        <Option Id="SOURCE" value="netlist"/>
        <Option Id="TRIGGER_COMPARE_VALUE" value="eq1&apos;bX"/>
      </probeOptions>
      <nets>
        <net name="design_1_i/gmii_to_rgmii_0_gmii_tx_clk"/>
      </nets>
    </probe>
    <probe type="ila" busType="net" source="netlist" spec="ILA_V2_RT">
      <probeOptions Id="DebugProbeParams">
        <Option Id="CAPTURE_COMPARE_VALUE" value="eq1&apos;bX"/>
        <Option Id="COMPARE_VALUE.0" value="eq1&apos;bX"/>
        <Option Id="DISPLAY_HINT" value=""/>
        <Option Id="DISPLAY_VISIBILITY" value=""/>
        <Option Id="HW_ILA" value="hw_ila_1"/>
        <Option Id="MAP" value="probe8[0]"/>
        <Option Id="NAME.CUSTOM" value=""/>
        <Option Id="NAME.SELECT" value="Long"/>
        <Option Id="SOURCE" value="netlist"/>
        <Option Id="TRIGGER_COMPARE_VALUE" value="eq1&apos;bX"/>
      </probeOptions>
      <nets>
        <net name="design_1_i/gmii_to_rgmii_1_gmii_rx_clk"/>
      </nets>
    </probe>
    <probe type="ila" busType="net" source="netlist" spec="ILA_V2_RT">
      <probeOptions Id="DebugProbeParams">
        <Option Id="CAPTURE_COMPARE_VALUE" value="eq1&apos;bX"/>
        <Option Id="COMPARE_VALUE.0" value="eq1&apos;bX"/>
        <Option Id="DISPLAY_HINT" value=""/>
        <Option Id="DISPLAY_VISIBILITY" value=""/>
        <Option Id="HW_ILA" value="hw_ila_1"/>
        <Option Id="MAP" value="probe3[0]"/>
        <Option Id="NAME.CUSTOM" value="aresetn"/>
        <Option Id="NAME.SELECT" value="Custom"/>
        <Option Id="SOURCE" value="netlist"/>
        <Option Id="TRIGGER_COMPARE_VALUE" value="eq1&apos;bX"/>
      </probeOptions>
      <nets>
        <net name="design_1_i/link_status_and_gate_Res"/>
      </nets>
    </probe>
    <probe type="ila" busType="net" source="netlist" spec="ILA_V2_RT">
      <probeOptions Id="DebugProbeParams">
        <Option Id="CAPTURE_COMPARE_VALUE" value="eq1&apos;bX"/>
        <Option Id="COMPARE_VALUE.0" value="eq1&apos;bX"/>
        <Option Id="DISPLAY_HINT" value=""/>
        <Option Id="DISPLAY_VISIBILITY" value=""/>
        <Option Id="HW_ILA" value="hw_ila_1"/>
        <Option Id="MAP" value="probe3[0]"/>
        <Option Id="NAME.CUSTOM" value=""/>
        <Option Id="NAME.SELECT" value="Long"/>
        <Option Id="SOURCE" value="netlist"/>
        <Option Id="TRIGGER_COMPARE_VALUE" value="eq1&apos;bX"/>
      </probeOptions>
      <nets>
        <net name="design_1_i/link_status_and_gate_Res_0"/>
      </nets>
    </probe>
    <probe type="ila" busType="net" source="netlist" spec="ILA_V2_RT">
      <probeOptions Id="DebugProbeParams">
        <Option Id="CAPTURE_COMPARE_VALUE" value="eq1&apos;bX"/>
        <Option Id="COMPARE_VALUE.0" value="eq1&apos;bX"/>
        <Option Id="DISPLAY_HINT" value=""/>
        <Option Id="DISPLAY_VISIBILITY" value=""/>
        <Option Id="HW_ILA" value="hw_ila_2"/>
        <Option Id="MAP" value="probe1[15]"/>
        <Option Id="NAME.CUSTOM" value=""/>
        <Option Id="NAME.SELECT" value="Long"/>
        <Option Id="SOURCE" value="netlist"/>
        <Option Id="TRIGGER_COMPARE_VALUE" value="eq1&apos;bX"/>
      </probeOptions>
      <nets>
        <net name="design_1_i/n_0_32"/>
      </nets>
    </probe>
    <probe type="ila" busType="net" source="netlist" spec="ILA_V2_RT">
      <probeOptions Id="DebugProbeParams">
        <Option Id="CAPTURE_COMPARE_VALUE" value="eq1&apos;bX"/>
        <Option Id="COMPARE_VALUE.0" value="eq1&apos;bX"/>
        <Option Id="DISPLAY_HINT" value=""/>
        <Option Id="DISPLAY_VISIBILITY" value=""/>
        <Option Id="HW_ILA" value="hw_ila_2"/>
        <Option Id="MAP" value="probe1[14]"/>
        <Option Id="NAME.CUSTOM" value=""/>
        <Option Id="NAME.SELECT" value="Long"/>
        <Option Id="SOURCE" value="netlist"/>
        <Option Id="TRIGGER_COMPARE_VALUE" value="eq1&apos;bX"/>
      </probeOptions>
      <nets>
        <net name="design_1_i/n_0_33"/>
      </nets>
    </probe>
    <probe type="ila" busType="net" source="netlist" spec="ILA_V2_RT">
      <probeOptions Id="DebugProbeParams">
        <Option Id="CAPTURE_COMPARE_VALUE" value="eq1&apos;bX"/>
        <Option Id="COMPARE_VALUE.0" value="eq1&apos;bX"/>
        <Option Id="DISPLAY_HINT" value=""/>
        <Option Id="DISPLAY_VISIBILITY" value=""/>
        <Option Id="HW_ILA" value="hw_ila_2"/>
        <Option Id="MAP" value="probe1[13]"/>
        <Option Id="NAME.CUSTOM" value=""/>
        <Option Id="NAME.SELECT" value="Long"/>
        <Option Id="SOURCE" value="netlist"/>
        <Option Id="TRIGGER_COMPARE_VALUE" value="eq1&apos;bX"/>
      </probeOptions>
      <nets>
        <net name="design_1_i/n_0_34"/>
      </nets>
    </probe>
    <probe type="ila" busType="net" source="netlist" spec="ILA_V2_RT">
      <probeOptions Id="DebugProbeParams">
        <Option Id="CAPTURE_COMPARE_VALUE" value="eq1&apos;bX"/>
        <Option Id="COMPARE_VALUE.0" value="eq1&apos;bX"/>
        <Option Id="DISPLAY_HINT" value=""/>
        <Option Id="DISPLAY_VISIBILITY" value=""/>
        <Option Id="HW_ILA" value="hw_ila_2"/>
        <Option Id="MAP" value="probe1[12]"/>
        <Option Id="NAME.CUSTOM" value=""/>
        <Option Id="NAME.SELECT" value="Long"/>
        <Option Id="SOURCE" value="netlist"/>
        <Option Id="TRIGGER_COMPARE_VALUE" value="eq1&apos;bX"/>
      </probeOptions>
      <nets>
        <net name="design_1_i/n_0_35"/>
      </nets>
    </probe>
    <probe type="ila" busType="net" source="netlist" spec="ILA_V2_RT">
      <probeOptions Id="DebugProbeParams">
        <Option Id="CAPTURE_COMPARE_VALUE" value="eq1&apos;bX"/>
        <Option Id="COMPARE_VALUE.0" value="eq1&apos;bX"/>
        <Option Id="DISPLAY_HINT" value=""/>
        <Option Id="DISPLAY_VISIBILITY" value=""/>
        <Option Id="HW_ILA" value="hw_ila_2"/>
        <Option Id="MAP" value="probe1[11]"/>
        <Option Id="NAME.CUSTOM" value=""/>
        <Option Id="NAME.SELECT" value="Long"/>
        <Option Id="SOURCE" value="netlist"/>
        <Option Id="TRIGGER_COMPARE_VALUE" value="eq1&apos;bX"/>
      </probeOptions>
      <nets>
        <net name="design_1_i/n_0_36"/>
      </nets>
    </probe>
    <probe type="ila" busType="net" source="netlist" spec="ILA_V2_RT">
      <probeOptions Id="DebugProbeParams">
        <Option Id="CAPTURE_COMPARE_VALUE" value="eq1&apos;bX"/>
        <Option Id="COMPARE_VALUE.0" value="eq1&apos;bX"/>
        <Option Id="DISPLAY_HINT" value=""/>
        <Option Id="DISPLAY_VISIBILITY" value=""/>
        <Option Id="HW_ILA" value="hw_ila_2"/>
        <Option Id="MAP" value="probe1[10]"/>
        <Option Id="NAME.CUSTOM" value=""/>
        <Option Id="NAME.SELECT" value="Long"/>
        <Option Id="SOURCE" value="netlist"/>
        <Option Id="TRIGGER_COMPARE_VALUE" value="eq1&apos;bX"/>
      </probeOptions>
      <nets>
        <net name="design_1_i/n_0_37"/>
      </nets>
    </probe>
    <probe type="ila" busType="net" source="netlist" spec="ILA_V2_RT">
      <probeOptions Id="DebugProbeParams">
        <Option Id="CAPTURE_COMPARE_VALUE" value="eq1&apos;bX"/>
        <Option Id="COMPARE_VALUE.0" value="eq1&apos;bX"/>
        <Option Id="DISPLAY_HINT" value=""/>
        <Option Id="DISPLAY_VISIBILITY" value=""/>
        <Option Id="HW_ILA" value="hw_ila_2"/>
        <Option Id="MAP" value="probe1[9]"/>
        <Option Id="NAME.CUSTOM" value=""/>
        <Option Id="NAME.SELECT" value="Long"/>
        <Option Id="SOURCE" value="netlist"/>
        <Option Id="TRIGGER_COMPARE_VALUE" value="eq1&apos;bX"/>
      </probeOptions>
      <nets>
        <net name="design_1_i/n_0_38"/>
      </nets>
    </probe>
    <probe type="ila" busType="net" source="netlist" spec="ILA_V2_RT">
      <probeOptions Id="DebugProbeParams">
        <Option Id="CAPTURE_COMPARE_VALUE" value="eq1&apos;bX"/>
        <Option Id="COMPARE_VALUE.0" value="eq1&apos;bX"/>
        <Option Id="DISPLAY_HINT" value=""/>
        <Option Id="DISPLAY_VISIBILITY" value=""/>
        <Option Id="HW_ILA" value="hw_ila_2"/>
        <Option Id="MAP" value="probe1[8]"/>
        <Option Id="NAME.CUSTOM" value=""/>
        <Option Id="NAME.SELECT" value="Long"/>
        <Option Id="SOURCE" value="netlist"/>
        <Option Id="TRIGGER_COMPARE_VALUE" value="eq1&apos;bX"/>
      </probeOptions>
      <nets>
        <net name="design_1_i/n_0_39"/>
      </nets>
    </probe>
    <probe type="ila" busType="net" source="netlist" spec="ILA_V2_RT">
      <probeOptions Id="DebugProbeParams">
        <Option Id="CAPTURE_COMPARE_VALUE" value="eq1&apos;bX"/>
        <Option Id="COMPARE_VALUE.0" value="eq1&apos;bX"/>
        <Option Id="DISPLAY_HINT" value=""/>
        <Option Id="DISPLAY_VISIBILITY" value=""/>
        <Option Id="HW_ILA" value="hw_ila_2"/>
        <Option Id="MAP" value="probe1[7]"/>
        <Option Id="NAME.CUSTOM" value=""/>
        <Option Id="NAME.SELECT" value="Long"/>
        <Option Id="SOURCE" value="netlist"/>
        <Option Id="TRIGGER_COMPARE_VALUE" value="eq1&apos;bX"/>
      </probeOptions>
      <nets>
        <net name="design_1_i/n_0_40"/>
      </nets>
    </probe>
    <probe type="ila" busType="net" source="netlist" spec="ILA_V2_RT">
      <probeOptions Id="DebugProbeParams">
        <Option Id="CAPTURE_COMPARE_VALUE" value="eq1&apos;bX"/>
        <Option Id="COMPARE_VALUE.0" value="eq1&apos;bX"/>
        <Option Id="DISPLAY_HINT" value=""/>
        <Option Id="DISPLAY_VISIBILITY" value=""/>
        <Option Id="HW_ILA" value="hw_ila_2"/>
        <Option Id="MAP" value="probe1[6]"/>
        <Option Id="NAME.CUSTOM" value=""/>
        <Option Id="NAME.SELECT" value="Long"/>
        <Option Id="SOURCE" value="netlist"/>
        <Option Id="TRIGGER_COMPARE_VALUE" value="eq1&apos;bX"/>
      </probeOptions>
      <nets>
        <net name="design_1_i/n_0_41"/>
      </nets>
    </probe>
    <probe type="ila" busType="net" source="netlist" spec="ILA_V2_RT">
      <probeOptions Id="DebugProbeParams">
        <Option Id="CAPTURE_COMPARE_VALUE" value="eq1&apos;bX"/>
        <Option Id="COMPARE_VALUE.0" value="eq1&apos;bX"/>
        <Option Id="DISPLAY_HINT" value=""/>
        <Option Id="DISPLAY_VISIBILITY" value=""/>
        <Option Id="HW_ILA" value="hw_ila_2"/>
        <Option Id="MAP" value="probe1[5]"/>
        <Option Id="NAME.CUSTOM" value=""/>
        <Option Id="NAME.SELECT" value="Long"/>
        <Option Id="SOURCE" value="netlist"/>
        <Option Id="TRIGGER_COMPARE_VALUE" value="eq1&apos;bX"/>
      </probeOptions>
      <nets>
        <net name="design_1_i/n_0_42"/>
      </nets>
    </probe>
    <probe type="ila" busType="net" source="netlist" spec="ILA_V2_RT">
      <probeOptions Id="DebugProbeParams">
        <Option Id="CAPTURE_COMPARE_VALUE" value="eq1&apos;bX"/>
        <Option Id="COMPARE_VALUE.0" value="eq1&apos;bX"/>
        <Option Id="DISPLAY_HINT" value=""/>
        <Option Id="DISPLAY_VISIBILITY" value=""/>
        <Option Id="HW_ILA" value="hw_ila_2"/>
        <Option Id="MAP" value="probe1[4]"/>
        <Option Id="NAME.CUSTOM" value=""/>
        <Option Id="NAME.SELECT" value="Long"/>
        <Option Id="SOURCE" value="netlist"/>
        <Option Id="TRIGGER_COMPARE_VALUE" value="eq1&apos;bX"/>
      </probeOptions>
      <nets>
        <net name="design_1_i/n_0_43"/>
      </nets>
    </probe>
    <probe type="ila" busType="net" source="netlist" spec="ILA_V2_RT">
      <probeOptions Id="DebugProbeParams">
        <Option Id="CAPTURE_COMPARE_VALUE" value="eq1&apos;bX"/>
        <Option Id="COMPARE_VALUE.0" value="eq1&apos;bX"/>
        <Option Id="DISPLAY_HINT" value=""/>
        <Option Id="DISPLAY_VISIBILITY" value=""/>
        <Option Id="HW_ILA" value="hw_ila_2"/>
        <Option Id="MAP" value="probe1[3]"/>
        <Option Id="NAME.CUSTOM" value=""/>
        <Option Id="NAME.SELECT" value="Long"/>
        <Option Id="SOURCE" value="netlist"/>
        <Option Id="TRIGGER_COMPARE_VALUE" value="eq1&apos;bX"/>
      </probeOptions>
      <nets>
        <net name="design_1_i/n_0_44"/>
      </nets>
    </probe>
    <probe type="ila" busType="net" source="netlist" spec="ILA_V2_RT">
      <probeOptions Id="DebugProbeParams">
        <Option Id="CAPTURE_COMPARE_VALUE" value="eq1&apos;bX"/>
        <Option Id="COMPARE_VALUE.0" value="eq1&apos;bX"/>
        <Option Id="DISPLAY_HINT" value=""/>
        <Option Id="DISPLAY_VISIBILITY" value=""/>
        <Option Id="HW_ILA" value="hw_ila_2"/>
        <Option Id="MAP" value="probe1[2]"/>
        <Option Id="NAME.CUSTOM" value=""/>
        <Option Id="NAME.SELECT" value="Long"/>
        <Option Id="SOURCE" value="netlist"/>
        <Option Id="TRIGGER_COMPARE_VALUE" value="eq1&apos;bX"/>
      </probeOptions>
      <nets>
        <net name="design_1_i/n_0_45"/>
      </nets>
    </probe>
    <probe type="ila" busType="net" source="netlist" spec="ILA_V2_RT">
      <probeOptions Id="DebugProbeParams">
        <Option Id="CAPTURE_COMPARE_VALUE" value="eq1&apos;bX"/>
        <Option Id="COMPARE_VALUE.0" value="eq1&apos;bX"/>
        <Option Id="DISPLAY_HINT" value=""/>
        <Option Id="DISPLAY_VISIBILITY" value=""/>
        <Option Id="HW_ILA" value="hw_ila_2"/>
        <Option Id="MAP" value="probe1[1]"/>
        <Option Id="NAME.CUSTOM" value=""/>
        <Option Id="NAME.SELECT" value="Long"/>
        <Option Id="SOURCE" value="netlist"/>
        <Option Id="TRIGGER_COMPARE_VALUE" value="eq1&apos;bX"/>
      </probeOptions>
      <nets>
        <net name="design_1_i/n_0_46"/>
      </nets>
    </probe>
    <probe type="ila" busType="net" source="netlist" spec="ILA_V2_RT">
      <probeOptions Id="DebugProbeParams">
        <Option Id="CAPTURE_COMPARE_VALUE" value="eq1&apos;bX"/>
        <Option Id="COMPARE_VALUE.0" value="eq1&apos;bX"/>
        <Option Id="DISPLAY_HINT" value=""/>
        <Option Id="DISPLAY_VISIBILITY" value=""/>
        <Option Id="HW_ILA" value="hw_ila_2"/>
        <Option Id="MAP" value="probe1[0]"/>
        <Option Id="NAME.CUSTOM" value=""/>
        <Option Id="NAME.SELECT" value="Long"/>
        <Option Id="SOURCE" value="netlist"/>
        <Option Id="TRIGGER_COMPARE_VALUE" value="eq1&apos;bX"/>
      </probeOptions>
      <nets>
        <net name="design_1_i/n_0_47"/>
      </nets>
    </probe>
    <probe type="ila" busType="net" source="netlist" spec="ILA_V2_RT">
      <probeOptions Id="DebugProbeParams">
        <Option Id="CAPTURE_COMPARE_VALUE" value="eq1&apos;bX"/>
        <Option Id="COMPARE_VALUE.0" value="eq1&apos;bX"/>
        <Option Id="DISPLAY_HINT" value=""/>
        <Option Id="DISPLAY_VISIBILITY" value=""/>
        <Option Id="HW_ILA" value="hw_ila_2"/>
        <Option Id="MAP" value="probe2[1]"/>
        <Option Id="NAME.CUSTOM" value=""/>
        <Option Id="NAME.SELECT" value="Long"/>
        <Option Id="SOURCE" value="netlist"/>
        <Option Id="TRIGGER_COMPARE_VALUE" value="eq1&apos;bX"/>
      </probeOptions>
      <nets>
        <net name="design_1_i/n_0_52"/>
      </nets>
    </probe>
    <probe type="ila" busType="net" source="netlist" spec="ILA_V2_RT">
      <probeOptions Id="DebugProbeParams">
        <Option Id="CAPTURE_COMPARE_VALUE" value="eq1&apos;bX"/>
        <Option Id="COMPARE_VALUE.0" value="eq1&apos;bX"/>
        <Option Id="DISPLAY_HINT" value=""/>
        <Option Id="DISPLAY_VISIBILITY" value=""/>
        <Option Id="HW_ILA" value="hw_ila_2"/>
        <Option Id="MAP" value="probe2[0]"/>
        <Option Id="NAME.CUSTOM" value=""/>
        <Option Id="NAME.SELECT" value="Long"/>
        <Option Id="SOURCE" value="netlist"/>
        <Option Id="TRIGGER_COMPARE_VALUE" value="eq1&apos;bX"/>
      </probeOptions>
      <nets>
        <net name="design_1_i/n_0_53"/>
      </nets>
    </probe>
    <probe type="ila" busType="net" source="netlist" spec="ILA_V2_RT">
      <probeOptions Id="DebugProbeParams">
        <Option Id="CAPTURE_COMPARE_VALUE" value="eq1&apos;bX"/>
        <Option Id="COMPARE_VALUE.0" value="eq1&apos;bX"/>
        <Option Id="DISPLAY_HINT" value=""/>
        <Option Id="DISPLAY_VISIBILITY" value=""/>
        <Option Id="HW_ILA" value="hw_ila_2"/>
        <Option Id="MAP" value="probe4[0]"/>
        <Option Id="NAME.CUSTOM" value=""/>
        <Option Id="NAME.SELECT" value="Long"/>
        <Option Id="SOURCE" value="netlist"/>
        <Option Id="TRIGGER_COMPARE_VALUE" value="eq1&apos;bX"/>
      </probeOptions>
      <nets>
        <net name="design_1_i/n_0_56"/>
      </nets>
    </probe>
    <probe type="ila" busType="net" source="netlist" spec="ILA_V2_RT">
      <probeOptions Id="DebugProbeParams">
        <Option Id="CAPTURE_COMPARE_VALUE" value="eq1&apos;bX"/>
        <Option Id="COMPARE_VALUE.0" value="eq1&apos;bX"/>
        <Option Id="DISPLAY_HINT" value=""/>
        <Option Id="DISPLAY_VISIBILITY" value=""/>
        <Option Id="HW_ILA" value="hw_ila_2"/>
        <Option Id="MAP" value="probe6[1]"/>
        <Option Id="NAME.CUSTOM" value=""/>
        <Option Id="NAME.SELECT" value="Long"/>
        <Option Id="SOURCE" value="netlist"/>
        <Option Id="TRIGGER_COMPARE_VALUE" value="eq1&apos;bX"/>
      </probeOptions>
      <nets>
        <net name="design_1_i/n_0_62"/>
      </nets>
    </probe>
    <probe type="ila" busType="net" source="netlist" spec="ILA_V2_RT">
      <probeOptions Id="DebugProbeParams">
        <Option Id="CAPTURE_COMPARE_VALUE" value="eq1&apos;bX"/>
        <Option Id="COMPARE_VALUE.0" value="eq1&apos;bX"/>
        <Option Id="DISPLAY_HINT" value=""/>
        <Option Id="DISPLAY_VISIBILITY" value=""/>
        <Option Id="HW_ILA" value="hw_ila_2"/>
        <Option Id="MAP" value="probe6[0]"/>
        <Option Id="NAME.CUSTOM" value=""/>
        <Option Id="NAME.SELECT" value="Long"/>
        <Option Id="SOURCE" value="netlist"/>
        <Option Id="TRIGGER_COMPARE_VALUE" value="eq1&apos;bX"/>
      </probeOptions>
      <nets>
        <net name="design_1_i/n_0_63"/>
      </nets>
    </probe>
    <probe type="ila" busType="net" source="netlist" spec="ILA_V2_RT">
      <probeOptions Id="DebugProbeParams">
        <Option Id="CAPTURE_COMPARE_VALUE" value="eq1&apos;bX"/>
        <Option Id="COMPARE_VALUE.0" value="eq1&apos;bX"/>
        <Option Id="DISPLAY_HINT" value=""/>
        <Option Id="DISPLAY_VISIBILITY" value=""/>
        <Option Id="HW_ILA" value="hw_ila_2"/>
        <Option Id="MAP" value="probe7[0]"/>
        <Option Id="NAME.CUSTOM" value=""/>
        <Option Id="NAME.SELECT" value="Long"/>
        <Option Id="SOURCE" value="netlist"/>
        <Option Id="TRIGGER_COMPARE_VALUE" value="eq1&apos;bX"/>
      </probeOptions>
      <nets>
        <net name="design_1_i/n_0_65"/>
      </nets>
    </probe>
    <probe type="ila" busType="net" source="netlist" spec="ILA_V2_RT">
      <probeOptions Id="DebugProbeParams">
        <Option Id="CAPTURE_COMPARE_VALUE" value="eq1&apos;bX"/>
        <Option Id="COMPARE_VALUE.0" value="eq1&apos;bX"/>
        <Option Id="DISPLAY_HINT" value=""/>
        <Option Id="DISPLAY_VISIBILITY" value=""/>
        <Option Id="HW_ILA" value="hw_ila_2"/>
        <Option Id="MAP" value="probe8[0]"/>
        <Option Id="NAME.CUSTOM" value=""/>
        <Option Id="NAME.SELECT" value="Long"/>
        <Option Id="SOURCE" value="netlist"/>
        <Option Id="TRIGGER_COMPARE_VALUE" value="eq1&apos;bX"/>
      </probeOptions>
      <nets>
        <net name="design_1_i/n_0_67"/>
      </nets>
    </probe>
    <probe type="ila" busType="net" source="netlist" spec="ILA_V2_RT">
      <probeOptions Id="DebugProbeParams">
        <Option Id="CAPTURE_COMPARE_VALUE" value="eq1&apos;bX"/>
        <Option Id="COMPARE_VALUE.0" value="eq1&apos;bX"/>
        <Option Id="DISPLAY_HINT" value=""/>
        <Option Id="DISPLAY_VISIBILITY" value=""/>
        <Option Id="HW_ILA" value="hw_ila_1"/>
        <Option Id="MAP" value="probe2[0]"/>
        <Option Id="NAME.CUSTOM" value=""/>
        <Option Id="NAME.SELECT" value="Long"/>
        <Option Id="SOURCE" value="netlist"/>
        <Option Id="TRIGGER_COMPARE_VALUE" value="eq1&apos;bX"/>
      </probeOptions>
      <nets>
        <net name="design_1_i/or_gate_rd_en_fifo_0_Res"/>
      </nets>
    </probe>
    <probe type="ila" busType="net" source="netlist" spec="ILA_V2_RT">
      <probeOptions Id="DebugProbeParams">
        <Option Id="CAPTURE_COMPARE_VALUE" value="eq1&apos;bX"/>
        <Option Id="COMPARE_VALUE.0" value="eq1&apos;bX"/>
        <Option Id="DISPLAY_HINT" value=""/>
        <Option Id="DISPLAY_VISIBILITY" value=""/>
        <Option Id="HW_ILA" value="hw_ila_1"/>
        <Option Id="MAP" value="probe6[0]"/>
        <Option Id="NAME.CUSTOM" value="m_axis_tready"/>
        <Option Id="NAME.SELECT" value="Custom"/>
        <Option Id="SOURCE" value="netlist"/>
        <Option Id="TRIGGER_COMPARE_VALUE" value="eq1&apos;bX"/>
      </probeOptions>
      <nets>
        <net name="design_1_i/or_gate_rd_en_fifo_1_Res"/>
      </nets>
    </probe>
    <probe type="ila" busType="net" source="netlist" spec="ILA_V2_RT">
      <probeOptions Id="DebugProbeParams">
        <Option Id="CAPTURE_COMPARE_VALUE" value="eq1&apos;bX"/>
        <Option Id="COMPARE_VALUE.0" value="eq1&apos;bX"/>
        <Option Id="DISPLAY_HINT" value=""/>
        <Option Id="DISPLAY_VISIBILITY" value=""/>
        <Option Id="HW_ILA" value="hw_ila_4"/>
        <Option Id="MAP" value="probe1[0]"/>
        <Option Id="NAME.CUSTOM" value=""/>
        <Option Id="NAME.SELECT" value="Long"/>
        <Option Id="SOURCE" value="netlist"/>
        <Option Id="TRIGGER_COMPARE_VALUE" value="eq1&apos;bX"/>
      </probeOptions>
      <nets>
        <net name="design_1_i/or_gate_rd_en_fifo_1_Res_1"/>
      </nets>
    </probe>
    <probe type="ila" busType="net" source="netlist" spec="ILA_V2_RT">
      <probeOptions Id="DebugProbeParams">
        <Option Id="CAPTURE_COMPARE_VALUE" value="eq1&apos;bX"/>
        <Option Id="COMPARE_VALUE.0" value="eq1&apos;bF"/>
        <Option Id="DISPLAY_HINT" value=""/>
        <Option Id="DISPLAY_VISIBILITY" value=""/>
        <Option Id="HW_ILA" value="hw_ila_1"/>
        <Option Id="MAP" value="probe3[0]"/>
        <Option Id="NAME.CUSTOM" value=""/>
        <Option Id="NAME.SELECT" value="Long"/>
        <Option Id="SOURCE" value="netlist"/>
        <Option Id="TRIGGER_COMPARE_VALUE" value="eq1&apos;bF"/>
      </probeOptions>
      <nets>
        <net name="design_1_i/or_gate_wr_en_fifo_0_Res"/>
      </nets>
    </probe>
    <probe type="ila" busType="net" source="netlist" spec="ILA_V2_RT">
      <probeOptions Id="DebugProbeParams">
        <Option Id="CAPTURE_COMPARE_VALUE" value="eq1&apos;bX"/>
        <Option Id="COMPARE_VALUE.0" value="eq1&apos;bX"/>
        <Option Id="DISPLAY_HINT" value=""/>
        <Option Id="DISPLAY_VISIBILITY" value=""/>
        <Option Id="HW_ILA" value="hw_ila_1"/>
        <Option Id="MAP" value="probe7[0]"/>
        <Option Id="NAME.CUSTOM" value="s_axis_tvalid/fifo_wr_en"/>
        <Option Id="NAME.SELECT" value="Custom"/>
        <Option Id="SOURCE" value="netlist"/>
        <Option Id="TRIGGER_COMPARE_VALUE" value="eq1&apos;bX"/>
      </probeOptions>
      <nets>
        <net name="design_1_i/or_gate_wr_en_fifo_1_Res"/>
      </nets>
    </probe>
    <probe type="ila" busType="net" source="netlist" spec="ILA_V2_RT">
      <probeOptions Id="DebugProbeParams">
        <Option Id="CAPTURE_COMPARE_VALUE" value="eq1&apos;bX"/>
        <Option Id="COMPARE_VALUE.0" value="eq1&apos;bX"/>
        <Option Id="DISPLAY_HINT" value=""/>
        <Option Id="DISPLAY_VISIBILITY" value=""/>
        <Option Id="HW_ILA" value="hw_ila_2"/>
        <Option Id="MAP" value="probe1[0]"/>
        <Option Id="NAME.CUSTOM" value="s_axis_tvalid"/>
        <Option Id="NAME.SELECT" value="Custom"/>
        <Option Id="SOURCE" value="netlist"/>
        <Option Id="TRIGGER_COMPARE_VALUE" value="eq1&apos;bX"/>
      </probeOptions>
      <nets>
        <net name="design_1_i/or_gate_wr_en_fifo_1_Res_1"/>
      </nets>
    </probe>
    <probe type="ila" busType="net" source="netlist" spec="ILA_V2_RT">
      <probeOptions Id="DebugProbeParams">
        <Option Id="CAPTURE_COMPARE_VALUE" value="eq1&apos;bX"/>
        <Option Id="COMPARE_VALUE.0" value="eq1&apos;bX"/>
        <Option Id="DISPLAY_HINT" value=""/>
        <Option Id="DISPLAY_VISIBILITY" value=""/>
        <Option Id="HW_ILA" value="hw_ila_2"/>
        <Option Id="MAP" value="probe0[0]"/>
        <Option Id="NAME.CUSTOM" value=""/>
        <Option Id="NAME.SELECT" value="Long"/>
        <Option Id="SOURCE" value="netlist"/>
        <Option Id="TRIGGER_COMPARE_VALUE" value="eq1&apos;bX"/>
      </probeOptions>
      <nets>
        <net name="design_1_i/probe0"/>
      </nets>
    </probe>
    <probe type="ila" busType="net" source="netlist" spec="ILA_V2_RT">
      <probeOptions Id="DebugProbeParams">
        <Option Id="CAPTURE_COMPARE_VALUE" value="eq32&apos;hXXXX_XXXX"/>
        <Option Id="COMPARE_VALUE.0" value="eq32&apos;hXXXX_XXXX"/>
        <Option Id="DISPLAY_HINT" value=""/>
        <Option Id="DISPLAY_VISIBILITY" value=""/>
        <Option Id="HW_ILA" value="hw_ila_1"/>
        <Option Id="MAP" value="probe1[31:0]"/>
        <Option Id="NAME.CUSTOM" value=""/>
        <Option Id="NAME.SELECT" value="Long"/>
        <Option Id="SOURCE" value="netlist"/>
        <Option Id="TRIGGER_COMPARE_VALUE" value="eq32&apos;hXXXX_XXXX"/>
      </probeOptions>
      <nets>
        <net name="design_1_i/probe1[31]"/>
        <net name="design_1_i/probe1[30]"/>
        <net name="design_1_i/probe1[29]"/>
        <net name="design_1_i/probe1[28]"/>
        <net name="design_1_i/probe1[27]"/>
        <net name="design_1_i/probe1[26]"/>
        <net name="design_1_i/probe1[25]"/>
        <net name="design_1_i/probe1[24]"/>
        <net name="design_1_i/probe1[23]"/>
        <net name="design_1_i/probe1[22]"/>
        <net name="design_1_i/probe1[21]"/>
        <net name="design_1_i/probe1[20]"/>
        <net name="design_1_i/probe1[19]"/>
        <net name="design_1_i/probe1[18]"/>
        <net name="design_1_i/probe1[17]"/>
        <net name="design_1_i/probe1[16]"/>
        <net name="design_1_i/probe1[15]"/>
        <net name="design_1_i/probe1[14]"/>
        <net name="design_1_i/probe1[13]"/>
        <net name="design_1_i/probe1[12]"/>
        <net name="design_1_i/probe1[11]"/>
        <net name="design_1_i/probe1[10]"/>
        <net name="design_1_i/probe1[9]"/>
        <net name="design_1_i/probe1[8]"/>
        <net name="design_1_i/probe1[7]"/>
        <net name="design_1_i/probe1[6]"/>
        <net name="design_1_i/probe1[5]"/>
        <net name="design_1_i/probe1[4]"/>
        <net name="design_1_i/probe1[3]"/>
        <net name="design_1_i/probe1[2]"/>
        <net name="design_1_i/probe1[1]"/>
        <net name="design_1_i/probe1[0]"/>
      </nets>
    </probe>
    <probe type="ila" busType="net" source="netlist" spec="ILA_V2_RT">
      <probeOptions Id="DebugProbeParams">
        <Option Id="CAPTURE_COMPARE_VALUE" value="eq4&apos;hX"/>
        <Option Id="COMPARE_VALUE.0" value="eq4&apos;hX"/>
        <Option Id="DISPLAY_HINT" value=""/>
        <Option Id="DISPLAY_VISIBILITY" value=""/>
        <Option Id="HW_ILA" value="hw_ila_1"/>
        <Option Id="MAP" value="probe2[3:0]"/>
        <Option Id="NAME.CUSTOM" value=""/>
        <Option Id="NAME.SELECT" value="Long"/>
        <Option Id="SOURCE" value="netlist"/>
        <Option Id="TRIGGER_COMPARE_VALUE" value="eq4&apos;hX"/>
      </probeOptions>
      <nets>
        <net name="design_1_i/probe2[3]"/>
        <net name="design_1_i/probe2[2]"/>
        <net name="design_1_i/probe2[1]"/>
        <net name="design_1_i/probe2[0]"/>
      </nets>
    </probe>
    <probe type="ila" busType="net" source="netlist" spec="ILA_V2_RT">
      <probeOptions Id="DebugProbeParams">
        <Option Id="CAPTURE_COMPARE_VALUE" value="eq1&apos;bX"/>
        <Option Id="COMPARE_VALUE.0" value="eq1&apos;bX"/>
        <Option Id="DISPLAY_HINT" value=""/>
        <Option Id="DISPLAY_VISIBILITY" value=""/>
        <Option Id="HW_ILA" value="hw_ila_1"/>
        <Option Id="MAP" value="probe3[0]"/>
        <Option Id="NAME.CUSTOM" value=""/>
        <Option Id="NAME.SELECT" value="Long"/>
        <Option Id="SOURCE" value="netlist"/>
        <Option Id="TRIGGER_COMPARE_VALUE" value="eq1&apos;bX"/>
      </probeOptions>
      <nets>
        <net name="design_1_i/probe3"/>
      </nets>
    </probe>
    <probe type="ila" busType="net" source="netlist" spec="ILA_V2_RT">
      <probeOptions Id="DebugProbeParams">
        <Option Id="CAPTURE_COMPARE_VALUE" value="eq1&apos;bX"/>
        <Option Id="COMPARE_VALUE.0" value="eq1&apos;bX"/>
        <Option Id="DISPLAY_HINT" value=""/>
        <Option Id="DISPLAY_VISIBILITY" value=""/>
        <Option Id="HW_ILA" value="hw_ila_1"/>
        <Option Id="MAP" value="probe4[0]"/>
        <Option Id="NAME.CUSTOM" value=""/>
        <Option Id="NAME.SELECT" value="Long"/>
        <Option Id="SOURCE" value="netlist"/>
        <Option Id="TRIGGER_COMPARE_VALUE" value="eq1&apos;bX"/>
      </probeOptions>
      <nets>
        <net name="design_1_i/probe4"/>
      </nets>
    </probe>
    <probe type="ila" busType="net" source="netlist" spec="ILA_V2_RT">
      <probeOptions Id="DebugProbeParams">
        <Option Id="CAPTURE_COMPARE_VALUE" value="eq1&apos;bX"/>
        <Option Id="COMPARE_VALUE.0" value="eq1&apos;bX"/>
        <Option Id="DISPLAY_HINT" value=""/>
        <Option Id="DISPLAY_VISIBILITY" value=""/>
        <Option Id="HW_ILA" value="hw_ila_1"/>
        <Option Id="MAP" value="probe5[0]"/>
        <Option Id="NAME.CUSTOM" value=""/>
        <Option Id="NAME.SELECT" value="Long"/>
        <Option Id="SOURCE" value="netlist"/>
        <Option Id="TRIGGER_COMPARE_VALUE" value="eq1&apos;bX"/>
      </probeOptions>
      <nets>
        <net name="design_1_i/probe5"/>
      </nets>
    </probe>
    <probe type="ila" busType="net" source="netlist" spec="ILA_V2_RT">
      <probeOptions Id="DebugProbeParams">
        <Option Id="CAPTURE_COMPARE_VALUE" value="eq4&apos;hX"/>
        <Option Id="COMPARE_VALUE.0" value="eq4&apos;hX"/>
        <Option Id="DISPLAY_HINT" value=""/>
        <Option Id="DISPLAY_VISIBILITY" value=""/>
        <Option Id="HW_ILA" value="hw_ila_1"/>
        <Option Id="MAP" value="probe6[3:0]"/>
        <Option Id="NAME.CUSTOM" value=""/>
        <Option Id="NAME.SELECT" value="Long"/>
        <Option Id="SOURCE" value="netlist"/>
        <Option Id="TRIGGER_COMPARE_VALUE" value="eq4&apos;hX"/>
      </probeOptions>
      <nets>
        <net name="design_1_i/probe6[3]"/>
        <net name="design_1_i/probe6[2]"/>
        <net name="design_1_i/probe6[1]"/>
        <net name="design_1_i/probe6[0]"/>
      </nets>
    </probe>
    <probe type="ila" busType="net" source="netlist" spec="ILA_V2_RT">
      <probeOptions Id="DebugProbeParams">
        <Option Id="CAPTURE_COMPARE_VALUE" value="eq1&apos;bX"/>
        <Option Id="COMPARE_VALUE.0" value="eq1&apos;bX"/>
        <Option Id="DISPLAY_HINT" value=""/>
        <Option Id="DISPLAY_VISIBILITY" value=""/>
        <Option Id="HW_ILA" value="hw_ila_1"/>
        <Option Id="MAP" value="probe7[0]"/>
        <Option Id="NAME.CUSTOM" value=""/>
        <Option Id="NAME.SELECT" value="Long"/>
        <Option Id="SOURCE" value="netlist"/>
        <Option Id="TRIGGER_COMPARE_VALUE" value="eq1&apos;bX"/>
      </probeOptions>
      <nets>
        <net name="design_1_i/probe7"/>
      </nets>
    </probe>
    <probe type="ila" busType="net" source="netlist" spec="ILA_V2_RT">
      <probeOptions Id="DebugProbeParams">
        <Option Id="CAPTURE_COMPARE_VALUE" value="eq1&apos;bX"/>
        <Option Id="COMPARE_VALUE.0" value="eq1&apos;bX"/>
        <Option Id="DISPLAY_HINT" value=""/>
        <Option Id="DISPLAY_VISIBILITY" value=""/>
        <Option Id="HW_ILA" value="hw_ila_1"/>
        <Option Id="MAP" value="probe8[0]"/>
        <Option Id="NAME.CUSTOM" value=""/>
        <Option Id="NAME.SELECT" value="Long"/>
        <Option Id="SOURCE" value="netlist"/>
        <Option Id="TRIGGER_COMPARE_VALUE" value="eq1&apos;bX"/>
      </probeOptions>
      <nets>
        <net name="design_1_i/probe8"/>
      </nets>
    </probe>
    <probe type="ila" busType="net" source="netlist" spec="ILA_V2_RT">
      <probeOptions Id="DebugProbeParams">
        <Option Id="CAPTURE_COMPARE_VALUE" value="eq1&apos;bX"/>
        <Option Id="COMPARE_VALUE.0" value="eq1&apos;bX"/>
        <Option Id="DISPLAY_HINT" value=""/>
        <Option Id="DISPLAY_VISIBILITY" value=""/>
        <Option Id="HW_ILA" value="hw_ila_1"/>
        <Option Id="MAP" value="probe10[0]"/>
        <Option Id="NAME.CUSTOM" value=""/>
        <Option Id="NAME.SELECT" value="Long"/>
        <Option Id="SOURCE" value="netlist"/>
        <Option Id="TRIGGER_COMPARE_VALUE" value="eq1&apos;bX"/>
      </probeOptions>
      <nets>
        <net name="design_1_i/vio_0_probe_out0_1"/>
      </nets>
    </probe>
    <probe type="ila" busType="net" source="netlist" spec="ILA_V2_RT">
      <probeOptions Id="DebugProbeParams">
        <Option Id="CAPTURE_COMPARE_VALUE" value="eq1&apos;bX"/>
        <Option Id="COMPARE_VALUE.0" value="eq1&apos;bB"/>
        <Option Id="DISPLAY_HINT" value=""/>
        <Option Id="DISPLAY_VISIBILITY" value=""/>
        <Option Id="HW_ILA" value="hw_ila_2"/>
        <Option Id="MAP" value="probe0[0]"/>
        <Option Id="NAME.CUSTOM" value=""/>
        <Option Id="NAME.SELECT" value="Long"/>
        <Option Id="SOURCE" value="netlist"/>
        <Option Id="TRIGGER_COMPARE_VALUE" value="eq1&apos;bB"/>
      </probeOptions>
      <nets>
        <net name="design_1_i/xlconcat_0_dout[0]"/>
      </nets>
    </probe>
    <probe type="ila" busType="net" source="netlist" spec="ILA_V2_RT">
      <probeOptions Id="DebugProbeParams">
        <Option Id="CAPTURE_COMPARE_VALUE" value="eq10&apos;hXXX"/>
        <Option Id="COMPARE_VALUE.0" value="eq10&apos;hXXX"/>
        <Option Id="DISPLAY_HINT" value=""/>
        <Option Id="DISPLAY_VISIBILITY" value=""/>
        <Option Id="HW_ILA" value="hw_ila_1"/>
        <Option Id="MAP" value="probe0[9:0]"/>
        <Option Id="NAME.CUSTOM" value=""/>
        <Option Id="NAME.SELECT" value="Long"/>
        <Option Id="SOURCE" value="netlist"/>
        <Option Id="TRIGGER_COMPARE_VALUE" value="eq10&apos;hXXX"/>
      </probeOptions>
      <nets>
        <net name="design_1_i/xlconcat_0_dout[9]"/>
        <net name="design_1_i/xlconcat_0_dout[8]"/>
        <net name="design_1_i/xlconcat_0_dout[7]"/>
        <net name="design_1_i/xlconcat_0_dout[6]"/>
        <net name="design_1_i/xlconcat_0_dout[5]"/>
        <net name="design_1_i/xlconcat_0_dout[4]"/>
        <net name="design_1_i/xlconcat_0_dout[3]"/>
        <net name="design_1_i/xlconcat_0_dout[2]"/>
        <net name="design_1_i/xlconcat_0_dout[1]"/>
        <net name="design_1_i/xlconcat_0_dout[0]"/>
      </nets>
    </probe>
    <probe type="ila" busType="net" source="netlist" spec="ILA_V2_RT">
      <probeOptions Id="DebugProbeParams">
        <Option Id="CAPTURE_COMPARE_VALUE" value="eq5&apos;hXX"/>
        <Option Id="COMPARE_VALUE.0" value="eq5&apos;hXX"/>
        <Option Id="DISPLAY_HINT" value=""/>
        <Option Id="DISPLAY_VISIBILITY" value=""/>
        <Option Id="HW_ILA" value="hw_ila_2"/>
        <Option Id="MAP" value="probe0[8:4]"/>
        <Option Id="NAME.CUSTOM" value=""/>
        <Option Id="NAME.SELECT" value="Long"/>
        <Option Id="SOURCE" value="netlist"/>
        <Option Id="TRIGGER_COMPARE_VALUE" value="eq5&apos;hXX"/>
      </probeOptions>
      <nets>
        <net name="design_1_i/xlconcat_0_dout_1[8]"/>
        <net name="design_1_i/xlconcat_0_dout_1[7]"/>
        <net name="design_1_i/xlconcat_0_dout_1[6]"/>
        <net name="design_1_i/xlconcat_0_dout_1[5]"/>
        <net name="design_1_i/xlconcat_0_dout_1[4]"/>
      </nets>
    </probe>
    <probe type="ila" busType="net" source="netlist" spec="ILA_V2_RT">
      <probeOptions Id="DebugProbeParams">
        <Option Id="CAPTURE_COMPARE_VALUE" value="eq1&apos;bX"/>
        <Option Id="COMPARE_VALUE.0" value="eq1&apos;bX"/>
        <Option Id="DISPLAY_HINT" value=""/>
        <Option Id="DISPLAY_VISIBILITY" value=""/>
        <Option Id="HW_ILA" value="hw_ila_2"/>
        <Option Id="MAP" value="probe0[0]"/>
        <Option Id="NAME.CUSTOM" value=""/>
        <Option Id="NAME.SELECT" value="Long"/>
        <Option Id="SOURCE" value="netlist"/>
        <Option Id="TRIGGER_COMPARE_VALUE" value="eq1&apos;bX"/>
      </probeOptions>
      <nets>
        <net name="design_1_i/xlconcat_1_dout[0]"/>
      </nets>
    </probe>
    <probe type="ila" busType="net" source="netlist" spec="ILA_V2_RT">
      <probeOptions Id="DebugProbeParams">
        <Option Id="CAPTURE_COMPARE_VALUE" value="eq5&apos;hXX"/>
        <Option Id="COMPARE_VALUE.0" value="eq5&apos;hXX"/>
        <Option Id="DISPLAY_HINT" value=""/>
        <Option Id="DISPLAY_VISIBILITY" value=""/>
        <Option Id="HW_ILA" value="hw_ila_1"/>
        <Option Id="MAP" value="probe1[8:4]"/>
        <Option Id="NAME.CUSTOM" value=""/>
        <Option Id="NAME.SELECT" value="Long"/>
        <Option Id="SOURCE" value="netlist"/>
        <Option Id="TRIGGER_COMPARE_VALUE" value="eq5&apos;hXX"/>
      </probeOptions>
      <nets>
        <net name="design_1_i/xlconcat_1_dout[8]"/>
        <net name="design_1_i/xlconcat_1_dout[7]"/>
        <net name="design_1_i/xlconcat_1_dout[6]"/>
        <net name="design_1_i/xlconcat_1_dout[5]"/>
        <net name="design_1_i/xlconcat_1_dout[4]"/>
      </nets>
    </probe>
    <probe type="ila" busType="net" source="netlist" spec="ILA_V2_RT">
      <probeOptions Id="DebugProbeParams">
        <Option Id="CAPTURE_COMPARE_VALUE" value="eq10&apos;hXXX"/>
        <Option Id="COMPARE_VALUE.0" value="neq10&apos;h0DD"/>
        <Option Id="DISPLAY_HINT" value=""/>
        <Option Id="DISPLAY_VISIBILITY" value=""/>
        <Option Id="HW_ILA" value="hw_ila_3"/>
        <Option Id="MAP" value="probe0[9:0]"/>
        <Option Id="NAME.CUSTOM" value=""/>
        <Option Id="NAME.SELECT" value="Long"/>
        <Option Id="SOURCE" value="netlist"/>
        <Option Id="TRIGGER_COMPARE_VALUE" value="neq10&apos;h0DD"/>
      </probeOptions>
      <nets>
        <net name="design_1_i/xlconcat_1_dout[9]"/>
        <net name="design_1_i/xlconcat_1_dout[8]"/>
        <net name="design_1_i/xlconcat_1_dout[7]"/>
        <net name="design_1_i/xlconcat_1_dout[6]"/>
        <net name="design_1_i/xlconcat_1_dout[5]"/>
        <net name="design_1_i/xlconcat_1_dout[4]"/>
        <net name="design_1_i/xlconcat_1_dout[3]"/>
        <net name="design_1_i/xlconcat_1_dout[2]"/>
        <net name="design_1_i/xlconcat_1_dout[1]"/>
        <net name="design_1_i/xlconcat_1_dout[0]"/>
      </nets>
    </probe>
    <probe type="ila" busType="net" source="netlist" spec="ILA_V2_RT">
      <probeOptions Id="DebugProbeParams">
        <Option Id="CAPTURE_COMPARE_VALUE" value="eq1&apos;bX"/>
        <Option Id="COMPARE_VALUE.0" value="eq1&apos;bX"/>
        <Option Id="DISPLAY_HINT" value=""/>
        <Option Id="DISPLAY_VISIBILITY" value=""/>
        <Option Id="HW_ILA" value="hw_ila_1"/>
        <Option Id="MAP" value="probe1[0]"/>
        <Option Id="NAME.CUSTOM" value=""/>
        <Option Id="NAME.SELECT" value="Long"/>
        <Option Id="SOURCE" value="netlist"/>
        <Option Id="TRIGGER_COMPARE_VALUE" value="eq1&apos;bX"/>
      </probeOptions>
      <nets>
        <net name="design_1_i/xlconcat_1_dout_1[0]"/>
      </nets>
    </probe>
    <probe type="ila" busType="net" source="netlist" spec="ILA_V2_RT">
      <probeOptions Id="DebugProbeParams">
        <Option Id="CAPTURE_COMPARE_VALUE" value="eq5&apos;hXX"/>
        <Option Id="COMPARE_VALUE.0" value="eq5&apos;hXX"/>
        <Option Id="DISPLAY_HINT" value=""/>
        <Option Id="DISPLAY_VISIBILITY" value=""/>
        <Option Id="HW_ILA" value="hw_ila_2"/>
        <Option Id="MAP" value="probe0[8:4]"/>
        <Option Id="NAME.CUSTOM" value=""/>
        <Option Id="NAME.SELECT" value="Long"/>
        <Option Id="SOURCE" value="netlist"/>
        <Option Id="TRIGGER_COMPARE_VALUE" value="eq5&apos;hXX"/>
      </probeOptions>
      <nets>
        <net name="design_1_i/xlconcat_1_dout_1[8]"/>
        <net name="design_1_i/xlconcat_1_dout_1[7]"/>
        <net name="design_1_i/xlconcat_1_dout_1[6]"/>
        <net name="design_1_i/xlconcat_1_dout_1[5]"/>
        <net name="design_1_i/xlconcat_1_dout_1[4]"/>
      </nets>
    </probe>
    <probe type="ila" busType="net" source="netlist" spec="ILA_V2_RT">
      <probeOptions Id="DebugProbeParams">
        <Option Id="CAPTURE_COMPARE_VALUE" value="eq5&apos;hXX"/>
        <Option Id="COMPARE_VALUE.0" value="eq5&apos;hXX"/>
        <Option Id="DISPLAY_HINT" value=""/>
        <Option Id="DISPLAY_VISIBILITY" value=""/>
        <Option Id="HW_ILA" value="hw_ila_1"/>
        <Option Id="MAP" value="probe1[8:4]"/>
        <Option Id="NAME.CUSTOM" value=""/>
        <Option Id="NAME.SELECT" value="Long"/>
        <Option Id="SOURCE" value="netlist"/>
        <Option Id="TRIGGER_COMPARE_VALUE" value="eq5&apos;hXX"/>
      </probeOptions>
      <nets>
        <net name="design_1_i/xlconcat_1_dout_2[8]"/>
        <net name="design_1_i/xlconcat_1_dout_2[7]"/>
        <net name="design_1_i/xlconcat_1_dout_2[6]"/>
        <net name="design_1_i/xlconcat_1_dout_2[5]"/>
        <net name="design_1_i/xlconcat_1_dout_2[4]"/>
      </nets>
    </probe>
    <probe type="ila" busType="net" source="netlist" spec="ILA_V2_RT">
      <probeOptions Id="DebugProbeParams">
        <Option Id="CAPTURE_COMPARE_VALUE" value="eq1&apos;bX"/>
        <Option Id="COMPARE_VALUE.0" value="eq1&apos;bX"/>
        <Option Id="DISPLAY_HINT" value=""/>
        <Option Id="DISPLAY_VISIBILITY" value=""/>
        <Option Id="HW_ILA" value="hw_ila_1"/>
        <Option Id="MAP" value="probe2[0]"/>
        <Option Id="NAME.CUSTOM" value=""/>
        <Option Id="NAME.SELECT" value="Long"/>
        <Option Id="SOURCE" value="netlist"/>
        <Option Id="TRIGGER_COMPARE_VALUE" value="eq1&apos;bX"/>
      </probeOptions>
      <nets>
        <net name="u_ila_0_fifo_generator_1_axis_prog_empty"/>
      </nets>
    </probe>
    <probe type="ila" busType="net" source="netlist" spec="ILA_V2_RT">
      <probeOptions Id="DebugProbeParams">
        <Option Id="CAPTURE_COMPARE_VALUE" value="eq1&apos;bX"/>
        <Option Id="COMPARE_VALUE.0" value="eq1&apos;bX"/>
        <Option Id="DISPLAY_HINT" value=""/>
        <Option Id="DISPLAY_VISIBILITY" value=""/>
        <Option Id="HW_ILA" value="hw_ila_1"/>
        <Option Id="MAP" value="probe2[0]"/>
        <Option Id="NAME.CUSTOM" value=""/>
        <Option Id="NAME.SELECT" value="Long"/>
        <Option Id="SOURCE" value="netlist"/>
        <Option Id="TRIGGER_COMPARE_VALUE" value="eq1&apos;bX"/>
      </probeOptions>
      <nets>
        <net name="u_ila_0_fifo_generator_1_axis_prog_full"/>
      </nets>
    </probe>
    <probe type="ila" busType="net" source="netlist" spec="ILA_V2_RT">
      <probeOptions Id="DebugProbeParams">
        <Option Id="CAPTURE_COMPARE_VALUE" value="eq16&apos;hXXXX"/>
        <Option Id="COMPARE_VALUE.0" value="eq16&apos;bXXXX_XXXX_XXXX_BXXX"/>
        <Option Id="DISPLAY_HINT" value=""/>
        <Option Id="DISPLAY_VISIBILITY" value=""/>
        <Option Id="HW_ILA" value="hw_ila_1"/>
        <Option Id="MAP" value="probe0[15:0]"/>
        <Option Id="NAME.CUSTOM" value=""/>
        <Option Id="NAME.SELECT" value="Long"/>
        <Option Id="SOURCE" value="netlist"/>
        <Option Id="TRIGGER_COMPARE_VALUE" value="eq16&apos;bXXXX_XXXX_XXXX_BXXX"/>
      </probeOptions>
      <nets>
        <net name="u_ila_0_fifo_generator_1_dout_0[15]"/>
        <net name="u_ila_0_fifo_generator_1_dout_0[14]"/>
        <net name="u_ila_0_fifo_generator_1_dout_0[13]"/>
        <net name="u_ila_0_fifo_generator_1_dout_0[12]"/>
        <net name="u_ila_0_fifo_generator_1_dout_0[11]"/>
        <net name="u_ila_0_fifo_generator_1_dout_0[10]"/>
        <net name="u_ila_0_fifo_generator_1_dout_0[9]"/>
        <net name="u_ila_0_fifo_generator_1_dout_0[8]"/>
        <net name="u_ila_0_fifo_generator_1_dout_0[7]"/>
        <net name="u_ila_0_fifo_generator_1_dout_0[6]"/>
        <net name="u_ila_0_fifo_generator_1_dout_0[5]"/>
        <net name="u_ila_0_fifo_generator_1_dout_0[4]"/>
        <net name="u_ila_0_fifo_generator_1_dout_0[3]"/>
        <net name="u_ila_0_fifo_generator_1_dout_0[2]"/>
        <net name="u_ila_0_fifo_generator_1_dout_0[1]"/>
        <net name="u_ila_0_fifo_generator_1_dout_0[0]"/>
      </nets>
    </probe>
    <probe type="ila" busType="net" source="netlist" spec="ILA_V2_RT">
      <probeOptions Id="DebugProbeParams">
        <Option Id="CAPTURE_COMPARE_VALUE" value="eq1&apos;bX"/>
        <Option Id="COMPARE_VALUE.0" value="eq1&apos;bB"/>
        <Option Id="DISPLAY_HINT" value=""/>
        <Option Id="DISPLAY_VISIBILITY" value=""/>
        <Option Id="HW_ILA" value="hw_ila_1"/>
        <Option Id="MAP" value="probe0[0]"/>
        <Option Id="NAME.CUSTOM" value=""/>
        <Option Id="NAME.SELECT" value="Long"/>
        <Option Id="SOURCE" value="netlist"/>
        <Option Id="TRIGGER_COMPARE_VALUE" value="eq1&apos;bB"/>
      </probeOptions>
      <nets>
        <net name="u_ila_0_or_gate_rd_en_fifo_0_Res"/>
      </nets>
    </probe>
    <probe type="ila" busType="net" source="netlist" spec="ILA_V2_RT">
      <probeOptions Id="DebugProbeParams">
        <Option Id="CAPTURE_COMPARE_VALUE" value="eq1&apos;bX"/>
        <Option Id="COMPARE_VALUE.0" value="eq1&apos;bX"/>
        <Option Id="DISPLAY_HINT" value=""/>
        <Option Id="DISPLAY_VISIBILITY" value=""/>
        <Option Id="HW_ILA" value="hw_ila_1"/>
        <Option Id="MAP" value="probe1[9]"/>
        <Option Id="NAME.CUSTOM" value=""/>
        <Option Id="NAME.SELECT" value="Long"/>
        <Option Id="SOURCE" value="netlist"/>
        <Option Id="TRIGGER_COMPARE_VALUE" value="eq1&apos;bX"/>
      </probeOptions>
      <nets>
        <net name="u_ila_0_xlconcat_1_dout[9]"/>
      </nets>
    </probe>
    <probe type="ila" busType="net" source="netlist" spec="ILA_V2_RT">
      <probeOptions Id="DebugProbeParams">
        <Option Id="CAPTURE_COMPARE_VALUE" value="eq3&apos;hX"/>
        <Option Id="COMPARE_VALUE.0" value="eq3&apos;hX"/>
        <Option Id="DISPLAY_HINT" value=""/>
        <Option Id="DISPLAY_VISIBILITY" value=""/>
        <Option Id="HW_ILA" value="hw_ila_1"/>
        <Option Id="MAP" value="probe1[3:1]"/>
        <Option Id="NAME.CUSTOM" value=""/>
        <Option Id="NAME.SELECT" value="Long"/>
        <Option Id="SOURCE" value="netlist"/>
        <Option Id="TRIGGER_COMPARE_VALUE" value="eq3&apos;hX"/>
      </probeOptions>
      <nets>
        <net name="u_ila_0_xlconcat_1_dout_1[3]"/>
        <net name="u_ila_0_xlconcat_1_dout_1[2]"/>
        <net name="u_ila_0_xlconcat_1_dout_1[1]"/>
      </nets>
    </probe>
    <probe type="ila" busType="net" source="netlist" spec="ILA_V2_RT">
      <probeOptions Id="DebugProbeParams">
        <Option Id="CAPTURE_COMPARE_VALUE" value="eq1&apos;bX"/>
        <Option Id="COMPARE_VALUE.0" value="eq1&apos;bX"/>
        <Option Id="DISPLAY_HINT" value=""/>
        <Option Id="DISPLAY_VISIBILITY" value=""/>
        <Option Id="HW_ILA" value="hw_ila_2"/>
        <Option Id="MAP" value="probe0[0]"/>
        <Option Id="NAME.CUSTOM" value=""/>
        <Option Id="NAME.SELECT" value="Long"/>
        <Option Id="SOURCE" value="netlist"/>
        <Option Id="TRIGGER_COMPARE_VALUE" value="eq1&apos;bX"/>
      </probeOptions>
      <nets>
        <net name="u_ila_1_fifo_generator_1_axis_prog_empty"/>
      </nets>
    </probe>
    <probe type="ila" busType="net" source="netlist" spec="ILA_V2_RT">
      <probeOptions Id="DebugProbeParams">
        <Option Id="CAPTURE_COMPARE_VALUE" value="eq1&apos;bX"/>
        <Option Id="COMPARE_VALUE.0" value="eq1&apos;bX"/>
        <Option Id="DISPLAY_HINT" value=""/>
        <Option Id="DISPLAY_VISIBILITY" value=""/>
        <Option Id="HW_ILA" value="hw_ila_2"/>
        <Option Id="MAP" value="probe0[0]"/>
        <Option Id="NAME.CUSTOM" value=""/>
        <Option Id="NAME.SELECT" value="Long"/>
        <Option Id="SOURCE" value="netlist"/>
        <Option Id="TRIGGER_COMPARE_VALUE" value="eq1&apos;bX"/>
      </probeOptions>
      <nets>
        <net name="u_ila_1_fifo_generator_1_axis_prog_full"/>
      </nets>
    </probe>
    <probe type="ila" busType="net" source="netlist" spec="ILA_V2_RT">
      <probeOptions Id="DebugProbeParams">
        <Option Id="CAPTURE_COMPARE_VALUE" value="eq1&apos;bX"/>
        <Option Id="COMPARE_VALUE.0" value="eq1&apos;bX"/>
        <Option Id="DISPLAY_HINT" value=""/>
        <Option Id="DISPLAY_VISIBILITY" value=""/>
        <Option Id="HW_ILA" value="hw_ila_2"/>
        <Option Id="MAP" value="probe1[0]"/>
        <Option Id="NAME.CUSTOM" value=""/>
        <Option Id="NAME.SELECT" value="Long"/>
        <Option Id="SOURCE" value="netlist"/>
        <Option Id="TRIGGER_COMPARE_VALUE" value="eq1&apos;bX"/>
      </probeOptions>
      <nets>
        <net name="u_ila_1_xlconcat_0_dout[9]"/>
      </nets>
    </probe>
    <probe type="ila" busType="net" source="netlist" spec="ILA_V2_RT">
      <probeOptions Id="DebugProbeParams">
        <Option Id="CAPTURE_COMPARE_VALUE" value="eq3&apos;hX"/>
        <Option Id="COMPARE_VALUE.0" value="eq3&apos;hX"/>
        <Option Id="DISPLAY_HINT" value=""/>
        <Option Id="DISPLAY_VISIBILITY" value=""/>
        <Option Id="HW_ILA" value="hw_ila_2"/>
        <Option Id="MAP" value="probe0[3:1]"/>
        <Option Id="NAME.CUSTOM" value=""/>
        <Option Id="NAME.SELECT" value="Long"/>
        <Option Id="SOURCE" value="netlist"/>
        <Option Id="TRIGGER_COMPARE_VALUE" value="eq3&apos;hX"/>
      </probeOptions>
      <nets>
        <net name="u_ila_1_xlconcat_0_dout_1[3]"/>
        <net name="u_ila_1_xlconcat_0_dout_1[2]"/>
        <net name="u_ila_1_xlconcat_0_dout_1[1]"/>
      </nets>
    </probe>
    <probe type="ila" busType="net" source="netlist" spec="ILA_V2_RT">
      <probeOptions Id="DebugProbeParams">
        <Option Id="CAPTURE_COMPARE_VALUE" value="eq1&apos;bX"/>
        <Option Id="COMPARE_VALUE.0" value="eq1&apos;bX"/>
        <Option Id="DISPLAY_HINT" value=""/>
        <Option Id="DISPLAY_VISIBILITY" value=""/>
        <Option Id="HW_ILA" value="hw_ila_2"/>
        <Option Id="MAP" value="probe0[9]"/>
        <Option Id="NAME.CUSTOM" value=""/>
        <Option Id="NAME.SELECT" value="Long"/>
        <Option Id="SOURCE" value="netlist"/>
        <Option Id="TRIGGER_COMPARE_VALUE" value="eq1&apos;bX"/>
      </probeOptions>
      <nets>
        <net name="u_ila_1_xlconcat_0_dout_2[9]"/>
      </nets>
    </probe>
    <probe type="ila" busType="net" source="netlist" spec="ILA_V2_RT">
      <probeOptions Id="DebugProbeParams">
        <Option Id="CAPTURE_COMPARE_VALUE" value="eq1&apos;bX"/>
        <Option Id="COMPARE_VALUE.0" value="eq1&apos;bX"/>
        <Option Id="DISPLAY_HINT" value=""/>
        <Option Id="DISPLAY_VISIBILITY" value=""/>
        <Option Id="HW_ILA" value="hw_ila_2"/>
        <Option Id="MAP" value="probe0[9]"/>
        <Option Id="NAME.CUSTOM" value=""/>
        <Option Id="NAME.SELECT" value="Long"/>
        <Option Id="SOURCE" value="netlist"/>
        <Option Id="TRIGGER_COMPARE_VALUE" value="eq1&apos;bX"/>
      </probeOptions>
      <nets>
        <net name="u_ila_1_xlconcat_1_dout[9]"/>
      </nets>
    </probe>
    <probe type="ila" busType="net" source="netlist" spec="ILA_V2_RT">
      <probeOptions Id="DebugProbeParams">
        <Option Id="CAPTURE_COMPARE_VALUE" value="eq3&apos;hX"/>
        <Option Id="COMPARE_VALUE.0" value="eq3&apos;hX"/>
        <Option Id="DISPLAY_HINT" value=""/>
        <Option Id="DISPLAY_VISIBILITY" value=""/>
        <Option Id="HW_ILA" value="hw_ila_2"/>
        <Option Id="MAP" value="probe0[3:1]"/>
        <Option Id="NAME.CUSTOM" value=""/>
        <Option Id="NAME.SELECT" value="Long"/>
        <Option Id="SOURCE" value="netlist"/>
        <Option Id="TRIGGER_COMPARE_VALUE" value="eq3&apos;hX"/>
      </probeOptions>
      <nets>
        <net name="u_ila_1_xlconcat_1_dout_1[3]"/>
        <net name="u_ila_1_xlconcat_1_dout_1[2]"/>
        <net name="u_ila_1_xlconcat_1_dout_1[1]"/>
      </nets>
    </probe>
    <probe type="vio_input" busType="net" source="netlist" spec="VIO_INPUT_V2_RT">
      <probeOptions Id="DebugProbeParams">
        <Option Id="ACTIVITY_PERSISTENCE" value="SHORT"/>
        <Option Id="DISPLAY_HINT" value=""/>
        <Option Id="DISPLAY_VISIBILITY" value=""/>
        <Option Id="HW_VIO" value="hw_vio_1"/>
        <Option Id="INPUT_VALUE_RADIX" value="HEX"/>
        <Option Id="NAME.CUSTOM" value=""/>
        <Option Id="NAME.SELECT" value="Long"/>
        <Option Id="SOURCE" value="netlist"/>
      </probeOptions>
      <nets>
        <net name="design_1_i/fifo_generator_1_axis_rd_data_count[10]"/>
        <net name="design_1_i/fifo_generator_1_axis_rd_data_count[9]"/>
        <net name="design_1_i/fifo_generator_1_axis_rd_data_count[8]"/>
        <net name="design_1_i/fifo_generator_1_axis_rd_data_count[7]"/>
        <net name="design_1_i/fifo_generator_1_axis_rd_data_count[6]"/>
        <net name="design_1_i/fifo_generator_1_axis_rd_data_count[5]"/>
        <net name="design_1_i/fifo_generator_1_axis_rd_data_count[4]"/>
        <net name="design_1_i/fifo_generator_1_axis_rd_data_count[3]"/>
        <net name="design_1_i/fifo_generator_1_axis_rd_data_count[2]"/>
        <net name="design_1_i/fifo_generator_1_axis_rd_data_count[1]"/>
        <net name="design_1_i/fifo_generator_1_axis_rd_data_count[0]"/>
      </nets>
    </probe>
    <probe type="vio_input" busType="net" source="netlist" spec="VIO_INPUT_V2_RT">
      <probeOptions Id="DebugProbeParams">
        <Option Id="ACTIVITY_PERSISTENCE" value="SHORT"/>
        <Option Id="DISPLAY_HINT" value=""/>
        <Option Id="DISPLAY_VISIBILITY" value=""/>
        <Option Id="HW_VIO" value="hw_vio_1"/>
        <Option Id="INPUT_VALUE_RADIX" value="HEX"/>
        <Option Id="NAME.CUSTOM" value=""/>
        <Option Id="NAME.SELECT" value="Long"/>
        <Option Id="SOURCE" value="netlist"/>
      </probeOptions>
      <nets>
        <net name="design_1_i/fifo_generator_1_axis_wr_data_count[10]"/>
        <net name="design_1_i/fifo_generator_1_axis_wr_data_count[9]"/>
        <net name="design_1_i/fifo_generator_1_axis_wr_data_count[8]"/>
        <net name="design_1_i/fifo_generator_1_axis_wr_data_count[7]"/>
        <net name="design_1_i/fifo_generator_1_axis_wr_data_count[6]"/>
        <net name="design_1_i/fifo_generator_1_axis_wr_data_count[5]"/>
        <net name="design_1_i/fifo_generator_1_axis_wr_data_count[4]"/>
        <net name="design_1_i/fifo_generator_1_axis_wr_data_count[3]"/>
        <net name="design_1_i/fifo_generator_1_axis_wr_data_count[2]"/>
        <net name="design_1_i/fifo_generator_1_axis_wr_data_count[1]"/>
        <net name="design_1_i/fifo_generator_1_axis_wr_data_count[0]"/>
      </nets>
    </probe>
    <probe type="vio_input" busType="net" source="netlist" spec="VIO_INPUT_V2_RT">
      <probeOptions Id="DebugProbeParams">
        <Option Id="ACTIVITY_PERSISTENCE" value="SHORT"/>
        <Option Id="DISPLAY_HINT" value=""/>
        <Option Id="DISPLAY_VISIBILITY" value=""/>
        <Option Id="HW_VIO" value="hw_vio_1"/>
        <Option Id="INPUT_VALUE_RADIX" value="BINARY"/>
        <Option Id="NAME.CUSTOM" value=""/>
        <Option Id="NAME.SELECT" value="Long"/>
        <Option Id="SOURCE" value="netlist"/>
      </probeOptions>
      <nets>
        <net name="design_1_i/fifo_generator_1_m_axis_tvalid"/>
      </nets>
    </probe>
    <probe type="vio_input" busType="net" source="netlist" spec="VIO_INPUT_V2_RT">
      <probeOptions Id="DebugProbeParams">
        <Option Id="ACTIVITY_PERSISTENCE" value="SHORT"/>
        <Option Id="DISPLAY_HINT" value=""/>
        <Option Id="DISPLAY_VISIBILITY" value=""/>
        <Option Id="HW_VIO" value="hw_vio_1"/>
        <Option Id="INPUT_VALUE_RADIX" value="BINARY"/>
        <Option Id="NAME.CUSTOM" value=""/>
        <Option Id="NAME.SELECT" value="Long"/>
        <Option Id="SOURCE" value="netlist"/>
      </probeOptions>
      <nets>
        <net name="design_1_i/link_status_not_gate_Res"/>
      </nets>
    </probe>
    <probe type="vio_input" busType="net" source="netlist" spec="VIO_INPUT_V2_RT">
      <probeOptions Id="DebugProbeParams">
        <Option Id="ACTIVITY_PERSISTENCE" value="SHORT"/>
        <Option Id="DISPLAY_HINT" value=""/>
        <Option Id="DISPLAY_VISIBILITY" value=""/>
        <Option Id="HW_VIO" value="hw_vio_1"/>
        <Option Id="INPUT_VALUE_RADIX" value="BINARY"/>
        <Option Id="NAME.CUSTOM" value=""/>
        <Option Id="NAME.SELECT" value="Long"/>
        <Option Id="SOURCE" value="netlist"/>
      </probeOptions>
      <nets>
        <net name="design_1_i/or_gate_wr_en_fifo_1_Res"/>
      </nets>
    </probe>
    <probe type="vio_input" busType="net" source="netlist" spec="VIO_INPUT_V2_RT">
      <probeOptions Id="DebugProbeParams">
        <Option Id="ACTIVITY_PERSISTENCE" value="INFINITE"/>
        <Option Id="DISPLAY_HINT" value="0.InputDisplay:LED;LED_Low:128,128,128,;LED_High:255,0,0,;|1.InputDisplay:LED;LED_Low:128,128,128,;LED_High:255,0,0,;|2.InputDisplay:LED;LED_Low:128,128,128,;LED_High:255,0,0,;|3.InputDisplay:LED;LED_Low:128,128,128,;LED_High:255,0,0,;|4.InputDisplay:LED;LED_Low:128,128,128,;LED_High:255,0,0,;|5.InputDisplay:LED;LED_Low:128,128,128,;LED_High:255,0,0,;|6.InputDisplay:LED;LED_Low:128,128,128,;LED_High:255,0,0,;|7.InputDisplay:LED;LED_Low:128,128,128,;LED_High:255,0,0,;|8.InputDisplay:LED;LED_Low:128,128,128,;LED_High:255,0,0,;|9.InputDisplay:LED;LED_Low:128,128,128,;LED_High:255,0,0,;"/>
        <Option Id="DISPLAY_VISIBILITY" value=""/>
        <Option Id="HW_VIO" value="hw_vio_1"/>
        <Option Id="INPUT_VALUE_RADIX" value="HEX"/>
        <Option Id="NAME.CUSTOM" value=""/>
        <Option Id="NAME.SELECT" value="Long"/>
        <Option Id="SOURCE" value="netlist"/>
      </probeOptions>
      <nets>
        <net name="design_1_i/xlconcat_1_dout[9]"/>
        <net name="design_1_i/xlconcat_1_dout[8]"/>
        <net name="design_1_i/xlconcat_1_dout[7]"/>
        <net name="design_1_i/xlconcat_1_dout[6]"/>
        <net name="design_1_i/xlconcat_1_dout[5]"/>
        <net name="design_1_i/xlconcat_1_dout[4]"/>
        <net name="design_1_i/xlconcat_1_dout[3]"/>
        <net name="design_1_i/xlconcat_1_dout[2]"/>
        <net name="design_1_i/xlconcat_1_dout[1]"/>
        <net name="design_1_i/xlconcat_1_dout[0]"/>
      </nets>
    </probe>
    <probe type="vio_output" busType="bus" source="netlist" spec="VIO_OUTPUT_V2_RT">
      <probeOptions Id="DebugProbeParams">
        <Option Id="DISPLAY_HINT" value=""/>
        <Option Id="DISPLAY_VISIBILITY" value=""/>
        <Option Id="HW_VIO" value="hw_vio_1"/>
        <Option Id="NAME.CUSTOM" value=""/>
        <Option Id="NAME.SELECT" value="Long"/>
        <Option Id="OUTPUT_VALUE" value=""/>
        <Option Id="OUTPUT_VALUE_RADIX" value="HEX"/>
        <Option Id="SOURCE" value="netlist"/>
      </probeOptions>
      <nets>
        <net name="design_1_i/probe_out1[9]"/>
        <net name="design_1_i/probe_out1[8]"/>
        <net name="design_1_i/probe_out1[7]"/>
        <net name="design_1_i/probe_out1[6]"/>
        <net name="design_1_i/probe_out1[5]"/>
        <net name="design_1_i/probe_out1[4]"/>
        <net name="design_1_i/probe_out1[3]"/>
        <net name="design_1_i/probe_out1[2]"/>
        <net name="design_1_i/probe_out1[1]"/>
        <net name="design_1_i/probe_out1[0]"/>
      </nets>
    </probe>
    <probe type="vio_output" busType="net" source="netlist" spec="VIO_OUTPUT_V2_RT">
      <probeOptions Id="DebugProbeParams">
        <Option Id="DISPLAY_HINT" value=""/>
        <Option Id="DISPLAY_VISIBILITY" value=""/>
        <Option Id="HW_VIO" value="hw_vio_1"/>
        <Option Id="NAME.CUSTOM" value=""/>
        <Option Id="NAME.SELECT" value="Long"/>
        <Option Id="OUTPUT_VALUE" value=""/>
        <Option Id="OUTPUT_VALUE_RADIX" value="BINARY"/>
        <Option Id="SOURCE" value="netlist"/>
      </probeOptions>
      <nets>
        <net name="design_1_i/vio_0_probe_out0"/>
      </nets>
    </probe>
  </probeset>
</hwsession>
